ASIN,SellerSKU,Style,Size,Tier,Cluster,ABC,XYZ,ABCXYZ,annual_2025_corr,cv,formula_type
B01F7ME5CO,FR100FRCFBA,Fresh Cotton,100ML,HIGH,7,A,X,AX,6289,0.163036428,weighted_recent
B01F7MDKGQ,FR100AMEFBA,Amber,100ML,HIGH,7,A,X,AX,6201,0.203447538,weighted_recent
B072281LBW,FR100TEKFBA,Teakwood,100ML,HIGH,6,A,X,AX,6147,0.186239664,weighted_recent
B01F7ME3XU,FR100FOPFBA,Forest Pine,100ML,HIGH,6,A,Z,AZ,6023.869273,1.387334882,same_month_yoy
B071DFPTMX,FR100LEAFBA,Leather,100ML,HIGH,7,A,X,AX,6002,0.171864699,weighted_recent
B01F7MDZ34,FR100CHWFBA,Christmas Wreath,100ML,HIGH,6,A,Z,AZ,5417,1.763003885,same_month_yoy
B01F7ME14Q,FR100ROSFBA,Rose,100ML,HIGH,7,A,X,AX,4412.866,0.202871212,weighted_recent
B07W7JX2WZ,FR100STOFBA,Sweet Tobacco,100ML,HIGH,7,A,X,AX,4300.046458,0.185138308,weighted_recent
B01F7MDZ66,FR100PUPFBA,Pumpkin Pie,100ML,HIGH,3,A,Z,AZ,3700,1.126147305,same_month_yoy
B07JHCHJJY,FR100SSHFBA,Strawberry Shortcake,100ML,HIGH,1,A,X,AX,3558,0.329967535,weighted_recent
B01F7QX27E,FR100LILFBA,Lilac,100ML,HIGH,1,A,X,AX,3371.960909,0.288201689,weighted_recent
B01F7ME4EI,FR100VANFBA,Vanilla,100ML,HIGH,7,A,X,AX,3252.468,0.352769936,weighted_recent
B01F7ME1L4,FR100SANFBA,Sandalwood,100ML,HIGH,6,A,X,AX,3233,0.328887575,weighted_recent
B01F7MDQUG,FR100OCBFBA,Ocean Breeze,100ML,HIGH,1,A,X,AX,3226.939,0.230414965,weighted_recent
B01F7ME3F8,FR100SUGFBA,Sugar Cookie,100ML,HIGH,6,A,Z,AZ,2842,1.017141302,same_month_yoy
B01F7MDZPW,FR100CINFBA,Cinnamon,100ML,HIGH,6,A,Y,AY,2787.034768,0.875333951,velocity_x_seasonal
B01F7MDMXM,FR100LAVFBA,Lavender,100ML,HIGH,6,A,X,AX,2735,0.388389588,weighted_recent
B01F7MDQW4,FR100BAMFBA,Bamboo,100ML,HIGH,1,A,X,AX,2620,0.171562786,weighted_recent
B07JJ92Y7F,FR100CFFFBA,Coffee,100ML,HIGH,6,A,X,AX,2590,0.341131242,weighted_recent
B07W6JWF6T,FR100WAVFBA,Warm Vanilla Sugar,100ML,HIGH,6,A,Y,AY,2576.851,0.588582768,velocity_x_seasonal
B01F7MDK3E,FR100HASFBA,Harvest Spice,100ML,HIGH,3,A,Y,AY,2456,0.972944635,velocity_x_seasonal
B01F7MDUT8,FR100BRSFBA,Brown Sugar,100ML,HIGH,6,A,Y,AY,2211,0.666016559,velocity_x_seasonal
B06ZYHKTPR,FR100CLFFBA,Clean & Fresh,100ML,HIGH,7,A,X,AX,2186,0.205309618,weighted_recent
B01F7ME4WU,FR100FVAFBA,French Vanilla,100ML,HIGH,6,A,Y,AY,1990,0.527345325,velocity_x_seasonal
B01F7MDNHC,FR100APCFBA,Apple Cider,100ML,HIGH,3,A,Y,AY,1932,0.934240227,velocity_x_seasonal
B01F7ME09M,FR100COCFBA,Coconut,100ML,HIGH,7,A,X,AX,1861.772,0.137826647,weighted_recent
B07227V7M5,FR100MSHFBA,Marshmallow,100ML,HIGH,6,A,Y,AY,1814,0.532881748,velocity_x_seasonal
B01F7ME768,FR100GINFBA,Gingerbread,100ML,HIGH,6,A,Z,AZ,1779.402805,1.513758897,same_month_yoy
B01F7MDNV8,FR100LEMFBA,Lemon,100ML,HIGH,6,A,X,AX,1777,0.194838724,weighted_recent
B071RCTS42,FR100APIFBA,Apple Pie,100ML,HIGH,6,A,Y,AY,1733.2332,0.910147718,velocity_x_seasonal
B01F7MDWB4,FR100CDYFBA,Candy Cane,100ML,HIGH,6,A,Z,AZ,1700,1.875334702,same_month_yoy
B01M4LCGUT,FR100AUWFBA,Autumn Wreath,100ML,HIGH,3,A,Z,AZ,1681.729857,1.137004105,same_month_yoy
B01F7ME2WW,FR100STRFBA,Strawberry,100ML,HIGH,7,A,X,AX,1672.079,0.158585697,weighted_recent
B07W7LJ3L6,FR100VABFBA,Vanilla Bean,100ML,MEDIUM,6,A,Y,AY,1647.283279,0.594227285,velocity_x_seasonal
B01F7ME1VO,FR100CRAFBA,Cranberry,100ML,MEDIUM,6,A,Z,AZ,1628.289067,1.205176155,same_month_yoy
B01F7ME6LE,FR100GARFBA,Gardenia,100ML,HIGH,7,A,X,AX,1588,0.29814979,weighted_recent
B01F7MDT76,FR100BARFBA,Bay Rum,100ML,HIGH,7,A,X,AX,1584,0.162115518,weighted_recent
B01F7ME1KU,FR100CTTFBA,Cotton Candy,100ML,MEDIUM,2,A,X,AX,1540,0.276511308,weighted_recent
B06ZZCJ2WD,FR100FMYFBA,Frankincense & Myrrh,100ML,MEDIUM,6,A,X,AX,1515.332058,0.414028488,weighted_recent
B071DFPY7L,FR100CAMFBA,Campfire,100ML,MEDIUM,6,A,Y,AY,1514.259121,0.615321934,velocity_x_seasonal
B0BTMXVTJW,FR100CABFBA,Cake Batter,100ML,MEDIUM,7,A,X,AX,1480,0.19881462,weighted_recent
B01F7ME2FY,FR100CCMFBA,Cucumber Melon,100ML,MEDIUM,7,A,X,AX,1467,0.21912753,weighted_recent
B075822KYF,FR100HOCFBA,Hot Chocolate,100ML,MEDIUM,6,A,Y,AY,1429,0.791278605,velocity_x_seasonal
B01F7MDLZQ,FR100JASFBA,Jasmine,100ML,MEDIUM,6,A,X,AX,1424.889138,0.282209053,weighted_recent
B071CL4X4V,FR100PEOFBA,Peony,100ML,MEDIUM,1,A,X,AX,1373.082,0.209825924,weighted_recent
B07JJ9LQXQ,FR100BLMFBA,Blueberry Muffin,100ML,MEDIUM,6,A,X,AX,1362.965157,0.41568409,weighted_recent
B01F7MDXZY,FR100PLUFBA,Plumeria,100ML,MEDIUM,5,A,X,AX,1350.015485,0.194790398,weighted_recent
B01F7MDMCI,FR100APPFBA,Apple,100ML,MEDIUM,6,A,X,AX,1307,0.478292162,weighted_recent
B09CCYNJ1Z,FR100NECFBA,New Car,100ML,MEDIUM,6,A,X,AX,1293.969857,0.260155734,weighted_recent
B071DFPY7M,FR100WHTFBA,White Tea,100ML,MEDIUM,6,A,X,AX,1292,0.250712878,weighted_recent
B01F7ME2IQ,FR100SNIFBA,Snickerdoodle,100ML,MEDIUM,6,A,Y,AY,1283,0.826654478,velocity_x_seasonal
B01F7MDJ26,FR100ALMFBA,Almond,100ML,MEDIUM,6,A,X,AX,1193.586384,0.401569718,weighted_recent
B07W5JTLRW,FR100HNYFBA,Honey,100ML,MEDIUM,5,A,X,AX,1166.372805,0.426703325,weighted_recent
B01F7MDZTI,FR100RAIFBA,Rain,100ML,MEDIUM,7,A,X,AX,1166.166313,0.376125534,weighted_recent
B01F7MDUM0,FR100PECFBA,Peach,100ML,MEDIUM,7,A,X,AX,1147,0.233043557,weighted_recent
B084RBDWKS,FR100CEDFBA,Cedar,100ML,MEDIUM,6,A,Y,AY,1145,0.686105372,velocity_x_seasonal
B01F7MDQ24,FR100MANFBA,Mango,100ML,MEDIUM,7,A,X,AX,1104.581921,0.28749043,weighted_recent
B0757SR4N9,FR100RASFBA,Raspberry,100ML,MEDIUM,2,A,X,AX,1047.849,0.190850668,weighted_recent
B01F7ME3W6,FR100SWPFBA,Sweet Pea,100ML,MEDIUM,1,A,X,AX,1047.169999,0.180790139,weighted_recent
B01F7MDYL2,FR100POMFBA,Pomegranate,100ML,MEDIUM,6,A,X,AX,1005.574838,0.36753571,weighted_recent
B01F7ME61E,FR100FCGFBA,Fresh Cut Grass,100ML,MEDIUM,7,A,X,AX,989.6948647,0.321653126,weighted_recent
B0BTMXCRHF,FR100BAFFBA,Baby Fresh,100ML,MEDIUM,6,A,X,AX,970,0.303928221,weighted_recent
B01F7MDXCW,FR100PINFBA,Pineapple,100ML,MEDIUM,1,A,X,AX,965,0.195070764,weighted_recent
B01F7MDWNC,FR100PICFFBA,Pina Colada,100ML,MEDIUM,1,A,X,AX,959.7594927,0.326954951,weighted_recent
B09CCT9PJG,FR100EVFFBA,Evergreen Forest,100ML,MEDIUM,6,A,Y,AY,937.4399908,0.951994163,velocity_x_seasonal
B07JJVS7QW,FR100CTEFBA,Chai Tea,100ML,MEDIUM,6,A,Y,AY,930.1987021,0.634115977,velocity_x_seasonal
B07W7J4QZC,FR100CHBFBA,Cherry Blossom,100ML,MEDIUM,7,B,X,BX,910.6570692,0.249748676,weighted_recent
B06ZXXLGKV,FR100DIRFBA,Dirt,100ML,MEDIUM,3,B,Y,BY,881.0952866,0.810080002,velocity_x_seasonal
B071RCTXXV,FR100NIAFBA,Night Air,100ML,MEDIUM,6,B,X,BX,848,0.326637942,weighted_recent
B01F7ME3FI,FR100EUCFBA,Eucalyptus,100ML,MEDIUM,6,B,Y,BY,842.4738604,0.505595112,velocity_x_seasonal
B071RCTXXT,FR100MAGFBA,Magnolia,100ML,MEDIUM,7,B,X,BX,838,0.189473437,weighted_recent
B01M8GPOI3,FR100GTEFBA,Green Tea,100ML,MEDIUM,7,B,X,BX,824.2479538,0.248741888,weighted_recent
B07JJVPPGS,FR100RECFBA,Red Cherry,100ML,MEDIUM,7,B,X,BX,823.031,0.246676472,weighted_recent
B075812L85,FR100WATFBA,Watermelon,100ML,MEDIUM,1,B,X,BX,819.6993738,0.295059574,weighted_recent
B07JJSCVXQ,FR100MAPFBA,Maple Syrup,100ML,MEDIUM,6,B,Y,BY,806.1140384,0.543391653,velocity_x_seasonal
B01MA28QQX,FR100BCRFBA,Berries & Cream,100ML,MEDIUM,7,B,X,BX,806,0.185192699,weighted_recent
B075821TN1,FR100BSCFBA,Butterscotch,100ML,MEDIUM,6,B,Y,BY,773.797322,0.521669554,velocity_x_seasonal
B01F7MDRMS,FR100ORAFBA,Orange,100ML,MEDIUM,6,B,X,BX,747.534,0.464734659,weighted_recent
B071Y4CWWB,FR100LOBFBA,Lotus Blossom,100ML,MEDIUM,2,B,X,BX,740.5949545,0.124450793,weighted_recent
B07W6K1KTP,FR100BERFBA,Bergamot,100ML,MEDIUM,6,B,Y,BY,740.4074029,0.648658709,velocity_x_seasonal
B07228VJ26,FR100FIGFBA,Fig,100ML,MEDIUM,7,B,X,BX,721,0.403655296,weighted_recent
B01F7MDVPQ,FR100BUGFBA,Bubble Gum,100ML,MEDIUM,6,B,X,BX,705.9412632,0.194525577,weighted_recent
B09CCTV5PX,FR100OLBFBA,Old Books,100ML,MEDIUM,6,B,Y,BY,682.7896619,0.573536353,velocity_x_seasonal
B09CD2QGYD,FR100WRWFBA,Warm Rustic Woods,100ML,MEDIUM,6,B,Y,BY,656.0892124,0.802109643,velocity_x_seasonal
B01MCWEFZO,FR100CCRFBA,Coconut Cream Pie,100ML,MEDIUM,7,B,X,BX,649.5052895,0.279899857,weighted_recent
B01F7MDW3C,FR100PEP,Peppermint,100ML,MEDIUM,6,B,Y,BY,648,0.998819812,velocity_x_seasonal
B01F7ME2X6,FR100CUPFBA,Cupcake,100ML,MEDIUM,6,B,X,BX,642,0.311209996,weighted_recent
B01MAZCGKQ,FR100PCRFBA,Peaches & Cream,100ML,MEDIUM,2,B,X,BX,637,0.337633677,weighted_recent
B07JJSD23S,FR100ALOFBA,Aloe,100ML,MEDIUM,7,B,X,BX,603.6307313,0.354931329,weighted_recent
B01F7MDU4I,FR100BLUFBA,Blueberry,100ML,MEDIUM,7,B,X,BX,579.8942151,0.28596455,weighted_recent
B08GC8FH1R,FR100HIBFBA,Hibiscus,100ML,MEDIUM,7,B,X,BX,571.8274142,0.407658634,weighted_recent
B01F7MDXP4,FR100CARFBA,Caramel Corn,100ML,MEDIUM,5,B,X,BX,565.9236353,0.483028878,weighted_recent
B01F7ME58I,FR100WIMFBA,Winter Mint,100ML,MEDIUM,6,B,Z,BZ,559,1.028858,same_month_yoy
B071DFPPCB,FR100CCKFBA,Chocolate Chip Cookie,100ML,MEDIUM,6,B,Y,BY,551,0.514773932,velocity_x_seasonal
B07581GJ4Z,FR100CAAFBA,Candy Apple,100ML,MEDIUM,3,B,Y,BY,535.3545924,0.712625933,velocity_x_seasonal
B01F7ME0YW,FR100COFFBA,Coffee Cake,100ML,MEDIUM,6,B,Y,BY,532,0.751586699,velocity_x_seasonal
B01M26S6HF,FR100MISFBA,Mistletoe,100ML,LOW,6,B,Z,BZ,512.5054395,1.525620269,same_month_yoy
B0BTMZ1TV9,FR100HOFFBA,Hot Fudge,100ML,MEDIUM,6,B,Y,BY,509.547,0.853961047,velocity_x_seasonal
B07JJ9DF1D,FR100CAFFBA,CafÃ© Mocha,100ML,LOW,6,B,Y,BY,505.465,0.581236716,velocity_x_seasonal
B01F7ME0GA,FR100ROOFBA,Root Beer,100ML,LOW,7,B,X,BX,492.8909227,0.432267851,weighted_recent
B01F7MDT26,FR100PAFFBA,Passion Fruit,100ML,LOW,5,B,X,BX,492.0999389,0.285517986,weighted_recent
B01F7MDRQO,FR100BANFBA,Banana,100ML,LOW,5,B,X,BX,492.0098987,0.339876993,weighted_recent
B09CCZ63CL,FR100MSSFBA,Moss,100ML,LOW,6,B,X,BX,472.9979197,0.471005752,weighted_recent
B01F7ME4UW,FR100VIOFBA,Violet,100ML,LOW,5,B,X,BX,454.354,0.243090326,weighted_recent
B07227G4XM,FR100FTWFBA,Fresh Cut Wood,100ML,LOW,6,B,Y,BY,441.3341629,0.656007765,velocity_x_seasonal
B01F7MDTVM,FR100PATFBA,Patchouli,100ML,LOW,6,B,Y,BY,428.2735921,0.580585194,velocity_x_seasonal
B01F7MDPA2,FR100LIYFBA,Lily,100ML,LOW,2,B,X,BX,425.8279644,0.419973888,weighted_recent
B07JJ19VDY,FR100CLOFBA,Clove,100ML,LOW,6,B,Y,BY,408,0.888348815,velocity_x_seasonal
B01M668O71,FR100OGCFBA,Orangesicle,100ML,LOW,5,B,X,BX,403.2819171,0.298482278,weighted_recent
B071CL456F,FR100PPIFBA,Pecan Pie,100ML,LOW,6,B,Z,BZ,398.6856827,1.041684882,same_month_yoy
B0757Z241G,FR100PBRFBA,Pearberry,100ML,LOW,7,B,X,BX,388.6427106,0.347212106,weighted_recent
B09CDB355Y,FR100CHAFBA,Champagne,100ML,LOW,6,C,X,CX,370.0817655,0.404552037,weighted_recent
B01F7MDS9K,FR100OCHFBA,Orchid,100ML,LOW,7,C,X,CX,369.0796814,0.340798081,weighted_recent
B08GC9Z26Y,FR100ISLFBA,Island Life,100ML,LOW,6,C,Y,CY,367,0.544060389,velocity_x_seasonal
B07JJ9L8MW,FR100CHUFBA,Churro,100ML,LOW,5,C,Y,CY,365.365329,0.698738185,velocity_x_seasonal
B09CCK93BR,FR100SSEFBA,Salty Sea,100ML,LOW,6,C,Y,CY,364.107958,0.570944636,velocity_x_seasonal
B07W7L9HNY,FR100LEGFBA,Lemongrass,100ML,LOW,2,C,X,CX,360.0170688,0.444785847,weighted_recent
B01F7MDWYG,FR100CACFBA,Candy Corn,100ML,LOW,3,C,Z,CZ,354,1.239072313,same_month_yoy
B071Y4CJ9T,FR100VETFBA,Vetiver,100ML,LOW,6,C,X,CX,350.8642351,0.307740269,weighted_recent
B0BTMYL28W,FR100STLFBA,Strawberry Lemonade,100ML,LOW,5,C,X,CX,350,0.470292834,weighted_recent
B01F7ME1X2,FR100SMOFBA,Smores,100ML,LOW,5,C,X,CX,344.5074636,0.473092989,weighted_recent
B01F7MDJ0I,FR100GRAFBA,Grapefruit,100ML,LOW,7,C,X,CX,340.9729564,0.351888424,weighted_recent
B08GBPNHMH,FR100TRBFBA,Tropical Breeze,100ML,LOW,5,C,Y,CY,309.9887131,0.641934389,velocity_x_seasonal
B01F7MDVD8,FR100PEAFBA,Pear,100ML,LOW,5,C,X,CX,292.5676824,0.308943608,weighted_recent
B07W8N542K,FR100HODFBA,Honeydew,100ML,LOW,7,C,X,CX,291.8506674,0.158390986,weighted_recent
B01F7ME4FM,FR100FREFBA,Freesia,100ML,LOW,6,C,X,CX,289,0.427635215,weighted_recent
B01F7MDYGM,FR100CHMFBA,Chocolate Mint,100ML,LOW,5,C,X,CX,281.6350801,0.464880706,weighted_recent
B07JJVT4ZP,FR100COLFBA,Cola,100ML,LOW,5,C,X,CX,275.7343759,0.230687319,weighted_recent
B071CVNYCW,FR100WITFBA,Wisteria,100ML,LOW,6,C,X,CX,264.9341448,0.431786951,weighted_recent
B09CCMSDRZ,FR100SEAFBA,Seashore,100ML,LOW,7,C,X,CX,263.2412676,0.402448202,weighted_recent
B01F7ME5YC,FR100YLYFBA,Ylang Ylang,100ML,LOW,7,C,X,CX,256.9356407,0.427774525,weighted_recent
B06ZYHKRN8,FR100LIMFBA,Lime,100ML,LOW,5,C,X,CX,247.0320626,0.391532297,weighted_recent
B08GC494HR,FR100HAGFBA,Hawaiian Ginger,100ML,LOW,6,C,Y,CY,236.720008,0.577822135,velocity_x_seasonal
B09CCSYF8P,FR100REFFBA,Redwood Forest,100ML,LOW,3,C,Y,CY,236.4960035,0.834415013,velocity_x_seasonal
B09CCKDB7Z,FR100MOAFBA,Mountain Air,100ML,LOW,6,C,X,CX,222.7985286,0.455181248,weighted_recent
B06ZY6ZP4F,FR100PAYFBA,Papaya,100ML,LOW,1,C,X,CX,209,0.219381163,weighted_recent
B071RCTCNY,FR100VBAFBA,Verbena,100ML,LOW,7,C,X,CX,207,0.312970405,weighted_recent
B09CCKLJCF,FR100WECFBA,Wedding Cake,100ML,LOW,6,C,X,CX,204.6323616,0.393304854,weighted_recent
B01F7MDPCK,FR100AWSFBA,Awapuhi & Seaberry,100ML,LOW,2,C,X,CX,191.6390998,0.348935433,weighted_recent
B01F7MDOEO,FR100APRFBA,Apricot,100ML,LOW,7,C,X,CX,157,0.455354745,weighted_recent
B01F7MDQ56,FR100AZAFBA,Azalea,100ML,LOW,2,C,Y,CY,144.8254252,0.658491579,velocity_x_seasonal
B07582BDKW,FR100BLLFBA,Black Licorice,100ML,LOW,5,C,Y,CY,134.3243835,0.518040595,velocity_x_seasonal
B09CCZYS5M,FR100SNDFBA,Sand,100ML,LOW,7,C,X,CX,120.3555187,0.201007563,weighted_recent
B06ZY6ZJSB,FR100REPFBA,Red Poppy,100ML,LOW,2,C,Y,CY,118.638401,0.546640488,velocity_x_seasonal
B075824NMV,FR100JEBFBA,Jelly Bean,100ML,LOW,2,C,Y,CY,113.5308027,0.552143718,velocity_x_seasonal
B07585NQ42,FR100RMYFBA,Rosemary,100ML,LOW,2,C,Y,CY,104.4882313,0.861021347,velocity_x_seasonal
B07W7MHTDZ,FR100BACFBA,Bacon,100ML,LOW,5,C,Y,CY,104.1877039,0.676007439,velocity_x_seasonal
B01F7MDLEM,FR100AMBFBA,Ambrosia,100ML,LOW,6,C,Y,CY,98.20524357,0.547756922,velocity_x_seasonal
B07584LZ3B,FR100THYFBA,Thyme,100ML,LOW,2,C,Y,CY,65.80550893,0.610192454,velocity_x_seasonal
B071D54PLV,FR100PRIFBA,Primrose,100ML,LOW,3,C,Z,CZ,54.75288113,1.226870787,same_month_yoy
B0FJ31D67P,FR100HSVFBA,Honeysuckle Vine,100ML,LOW,6,C,Z,CZ,48,1.070436048,same_month_yoy
B01F7MDSD6,FR100BALFBA,Basil,100ML,LOW,6,C,Z,CZ,0,999,same_month_yoy
B00BVX5SW0,FR30FRCFBA,Fresh Cotton,30ML,HIGH,1,A,X,AX,9858,0.315947712,weighted_recent
B00U20EBBM,FR30AMEFBA,Amber,30ML,HIGH,2,A,X,AX,7138.41,0.238858505,weighted_recent
B009Z6KQGS,FR30ROSFBA,Rose,30ML,HIGH,1,A,X,AX,5753.019112,0.182776558,weighted_recent
B009Z6KNP2,FR30LILFBA,Lilac,30ML,HIGH,1,A,Y,AY,4914.026008,0.659308753,velocity_x_seasonal
B071Y4CM3D,FR30LEAFBASL,Leather,30ML,HIGH,1,A,X,AX,4818,0.155116854,weighted_recent
B009Z6KLEK,FR30VANFBA,Vanilla,30ML,HIGH,1,A,X,AX,4745,0.353869362,weighted_recent
B07JJ9DJKW,FR30SSHSL,Strawberry Shortcake,30ML,HIGH,2,A,X,AX,4551,0.323885055,weighted_recent
B06ZZN3718,FR30TEKFBA,Teakwood,30ML,HIGH,2,A,X,AX,4265,0.158337553,weighted_recent
B009Z6KMFS,FR30CHWSL,Christmas Wreath,30ML,HIGH,6,A,Z,AZ,4250,1.93907365,same_month_yoy
B009Z6KLQS,FR30COCFBA,Coconut,30ML,HIGH,1,A,Y,AY,3713,0.599288459,velocity_x_seasonal
B09CCXJNKG,FR30NECSL,New Car,30ML,HIGH,1,A,X,AX,3620.211,0.282455255,weighted_recent
B06ZYHKJ4Q,FR30MSHSL,Marshmallow,30ML,HIGH,6,A,X,AX,3567.088,0.225669367,weighted_recent
B00LOX59YY,FR30OCBFBA,Ocean Breeze,30ML,HIGH,1,A,X,AX,3008.079,0.335857231,weighted_recent
B06ZYHKH7S,FR30WHTFBA,White Tea,30ML,HIGH,5,A,X,AX,2994.361794,0.218125179,weighted_recent
B00BVX5VLI,FR30FOPSL,Forest Pine,30ML,HIGH,6,A,Z,AZ,2967.212577,1.100220672,same_month_yoy
B06ZXXL6F3,FR30FMYFBA,Frankincense & Myrrh,30ML,HIGH,5,A,X,AX,2923,0.222104323,weighted_recent
B07W8PKDWQ,FR30VABSL,Vanilla Bean,30ML,HIGH,7,A,X,AX,2903.527472,0.284693545,weighted_recent
B009Z6KNFC,FR30LAVFBA,Lavender,30ML,HIGH,2,A,X,AX,2829,0.182181821,weighted_recent
B00BVX5UHI,FR30BRSSL,Brown Sugar,30ML,HIGH,6,A,X,AX,2817.081745,0.260913363,weighted_recent
B06ZY6ZBV2,FR30CAMSLP,Campfire,30ML,HIGH,6,A,X,AX,2535.442243,0.303731524,weighted_recent
B07W5JV2X9,FR30WAVSL,Warm Vanilla Sugar,30ML,HIGH,7,A,X,AX,2520.16441,0.266487325,weighted_recent
B009Z6KL68,FR30SANFBA,Sandalwood,30ML,HIGH,1,A,X,AX,2467,0.196883235,weighted_recent
B07JJ9DSKZ,FR30RECSL,Red Cherry,30ML,HIGH,1,A,X,AX,2326.647885,0.233449455,weighted_recent
B009Z4Y5DK,FR30ALMSL,Almond,30ML,HIGH,7,A,X,AX,2303.566206,0.331006393,weighted_recent
B01DMQ4M0W,FR30CTTFBA,Cotton Candy,30ML,HIGH,1,A,X,AX,2282,0.457450659,weighted_recent
B07W6JZ8ZV,FR30HNYFBA,Honey,30ML,HIGH,2,A,X,AX,2136.103967,0.377573012,weighted_recent
B017WOMPZ4,FR30PUPFBA,Pumpkin Pie,30ML,HIGH,3,A,Z,AZ,2022,1.13229329,same_month_yoy
B07W5JW2DW,FR30STOSL,Sweet Tobacco,30ML,HIGH,2,A,X,AX,2016,0.227383451,weighted_recent
B009Z6KN2K,FR30JASSL,Jasmine,30ML,HIGH,1,A,X,AX,1999.878919,0.197886941,weighted_recent
B00BVX5VOA,FR30RAIFBA,Rain,30ML,HIGH,1,A,X,AX,1917.082,0.226936632,weighted_recent
B009Z6KLJA,FR30CINSL,Cinnamon,30ML,HIGH,6,A,Y,AY,1890,0.549372811,velocity_x_seasonal
B00U20EHNE,FR30SUGSL,Sugar Cookie,30ML,HIGH,6,A,X,AX,1861,0.495001672,weighted_recent
B00BVX5GXQ,FR30STRFBA,Strawberry,30ML,HIGH,2,A,Y,AY,1858.085,0.637956305,velocity_x_seasonal
B07W7MCMZ4,FR30BERSL,Bergamot,30ML,HIGH,7,A,X,AX,1832.872738,0.146132234,weighted_recent
B01LZAQK4V,FR30GTEFBA,Green Tea,30ML,HIGH,1,A,X,AX,1769.528679,0.119262666,weighted_recent
B07JJ1J4BR,FR30CFFSLFBA,Coffee,30ML,HIGH,2,A,X,AX,1755,0.440498721,weighted_recent
B07W7LBS9F,FR30CHBSL,Cherry Blossom,30ML,HIGH,1,A,X,AX,1742.315464,0.245130913,weighted_recent
B0BTMXV7MX,FR30BAFSL,Baby Fresh,30ML,HIGH,1,A,X,AX,1736,0.280991801,weighted_recent
B00BVX5TI8,FR30PECFBA,Peach,30ML,HIGH,1,A,X,AX,1715,0.264307189,weighted_recent
B07JJJFPH8,FR30BLMSL,Blueberry Muffin,30ML,HIGH,2,A,X,AX,1665,0.145166195,weighted_recent
B06ZZN3CV2,FR30MAGSL,Magnolia,30ML,HIGH,1,A,X,AX,1609,0.263435878,weighted_recent
B00LOX57XW,FR30CCMFBA,Cucumber Melon,30ML,HIGH,1,A,X,AX,1561,0.408444036,weighted_recent
B01DMQEF0E,FR30FVAFBA,French Vanilla,30ML,HIGH,2,A,X,AX,1556.069004,0.262602507,weighted_recent
B0BTMZ2RZ8,FR30CABSL,Cake Batter,30ML,HIGH,2,A,X,AX,1511,0.350711909,weighted_recent
B075834YVG,FR30HOCSL,Hot Chocolate,30ML,MEDIUM,6,A,Y,AY,1465.039,0.677103591,velocity_x_seasonal
B06ZZX23ZL,FR30CLFSL,Clean & Fresh,30ML,MEDIUM,2,A,X,AX,1440,0.149570738,weighted_recent
B00BVX5TXS,FR30PINFBA,Pineapple,30ML,MEDIUM,1,A,X,AX,1434,0.434628365,weighted_recent
B06ZZN3CV8,FR30PEOFBASL,Peony,30ML,MEDIUM,1,A,Y,AY,1420.576076,0.636683083,velocity_x_seasonal
B009Z6KKVY,FR30PATSL,Patchouli,30ML,MEDIUM,7,A,X,AX,1416.435402,0.189678733,weighted_recent
B009Z6KPWI,FR30HASSL,Harvest Spice,30ML,MEDIUM,3,A,Y,AY,1416,0.916841675,velocity_x_seasonal
B00U20EA0E,FR30LEMSL,Lemon,30ML,MEDIUM,2,A,X,AX,1386,0.307213774,weighted_recent
B00U20EEZU,FR30FCGFBA,Fresh Cut Grass,30ML,MEDIUM,1,A,X,AX,1384.323086,0.424950752,weighted_recent
B00U20EC4I,FR30BAMFBA,Bamboo,30ML,MEDIUM,1,A,X,AX,1366,0.232160194,weighted_recent
B017WPMDKU,FR30APCFBA,Apple Cider,30ML,MEDIUM,3,A,Y,AY,1312,0.858669311,velocity_x_seasonal
B009Z6KML2,FR30GARFBA,Gardenia,30ML,MEDIUM,2,A,X,AX,1286,0.335295325,weighted_recent
B00BVX5T2Y,FR30MANSL,Mango,30ML,MEDIUM,1,A,X,AX,1285,0.347847713,weighted_recent
B07582SRL4,FR30RASSL,Raspberry,30ML,MEDIUM,1,A,X,AX,1283.947451,0.238743972,weighted_recent
B00DFQDY18,FR30EUCFBA,Eucalyptus,30ML,MEDIUM,6,A,X,AX,1221.039239,0.234152262,weighted_recent
B01LXO82DN,FR30BCRSL,Berries & Cream,30ML,MEDIUM,2,A,X,AX,1192.094965,0.248748766,weighted_recent
B07582BNMV,FR30WATSL,Watermelon,30ML,MEDIUM,1,A,X,AX,1187,0.491250309,weighted_recent
B00LOX55V6,FR30BARFBA,Bay Rum,30ML,MEDIUM,1,A,X,AX,1175,0.311571779,weighted_recent
B00BVX5UGY,FR30ORASL,Orange,30ML,MEDIUM,6,A,X,AX,1154.096863,0.29083311,weighted_recent
B009YQ5650,FR30APPSL,Apple,30ML,MEDIUM,3,A,X,AX,1148,0.365098861,weighted_recent
B00U20EGMQ,FR30POMSL,Pomegranate,30ML,MEDIUM,2,A,X,AX,1147,0.257405337,weighted_recent
B06ZZXJPWS,FR30APISL,Apple Pie,30ML,MEDIUM,3,A,Y,AY,1124.836503,0.526386177,velocity_x_seasonal
B00U20EFSG,FR30PICSL,Pina Colada,30ML,MEDIUM,1,A,X,AX,1086,0.423967248,weighted_recent
B009Z6KLZO,FR30CRASL,Cranberry,30ML,MEDIUM,6,A,Y,AY,1047,0.996072264,velocity_x_seasonal
B01M1LQVZR,FR30AUWSL,Autumn Wreath,30ML,MEDIUM,3,B,Y,BY,1000,0.989988393,velocity_x_seasonal
B01D0MWU5C,FR30CDYFBA,Candy Cane,30ML,MEDIUM,6,B,Z,BZ,993.8119081,1.271510219,same_month_yoy
B009Z6KMTE,FR30GINSL,Gingerbread,30ML,MEDIUM,6,B,Z,BZ,989,1.191877713,same_month_yoy
B00BVX5GHW,FR30SWPSL,Sweet Pea,30ML,MEDIUM,1,B,X,BX,904.5051496,0.191399405,weighted_recent
B06ZZXJK21,FR30CCKSL,Chocolate Chip Cookie,30ML,MEDIUM,6,B,X,BX,899,0.220867565,weighted_recent
B00BVX5GBS,FR30BUGSL,Bubble Gum,30ML,MEDIUM,5,B,X,BX,895,0.22895911,weighted_recent
B07JJ97FRS,FR30MAPSL,Maple Syrup,30ML,MEDIUM,4,B,Y,BY,886,0.517414054,velocity_x_seasonal
B009Z6KLAY,FR30BANSL,Banana,30ML,MEDIUM,7,B,X,BX,880.4801216,0.138237153,weighted_recent
B075824NMT,FR30BSCSL,Butterscotch,30ML,MEDIUM,6,B,X,BX,876.161,0.25292902,weighted_recent
B009Z6KQ7C,FR30PEASL,Pear,30ML,MEDIUM,7,B,X,BX,875.1560262,0.186443423,weighted_recent
B00BVX5S70,FR30PLUSL,Plumeria,30ML,MEDIUM,1,B,X,BX,839,0.351541191,weighted_recent
B07JJVV3MY,FR30CLOFBA,Clove,30ML,MEDIUM,6,B,X,BX,830.3719409,0.441084407,weighted_recent
B09CCMXN5M,FR30OLBSL,Old Books,30ML,MEDIUM,4,B,X,BX,829.955692,0.315212319,weighted_recent
B07JJ9DZJT,FR30ALOSL,Aloe,30ML,MEDIUM,7,B,X,BX,813.772,0.137912197,weighted_recent
B00BVX5V0O,FR30PEPSL,Peppermint,30ML,MEDIUM,6,B,Y,BY,795.2765487,0.877702387,velocity_x_seasonal
B084RB8NJB,FR30CEDFBA,Cedar,30ML,MEDIUM,6,B,X,BX,792.8667346,0.386416039,weighted_recent
B00BVX5FX2,FR30VIOSL,Violet,30ML,MEDIUM,1,B,X,BX,788,0.182484415,weighted_recent
B07JJJJTMZ,FR30CTESL,Chai Tea,30ML,MEDIUM,6,B,Y,BY,780.3876802,0.506764915,velocity_x_seasonal
B06ZYS3YYK,FR30NIASL,Night Air,30ML,MEDIUM,2,B,X,BX,764,0.131853733,weighted_recent
B017WOXLZM,FR30WIMFBA,Winter Mint,30ML,MEDIUM,6,B,Y,BY,756.4925895,0.761686386,velocity_x_seasonal
B071DFPN1B,FR30DIRSL,Dirt,30ML,MEDIUM,5,B,Y,BY,752.6317866,0.59587768,velocity_x_seasonal
B06ZYS49FF,FR30WITSL,Wisteria,30ML,MEDIUM,1,B,X,BX,687.8564156,0.406334441,weighted_recent
B08GBTKBRY,FR30HIBSL,Hibiscus,30ML,MEDIUM,1,B,X,BX,669.3931551,0.4037732,weighted_recent
B06ZZMSJ9Y,FR30LOBSL,Lotus Blossom,30ML,MEDIUM,1,B,X,BX,663,0.260356423,weighted_recent
B00LOX58KO,FR30LIYSL,Lily,30ML,MEDIUM,1,B,X,BX,655.924,0.302409684,weighted_recent
B00U20EDY2,FR30CUPFBA,Cupcake,30ML,MEDIUM,2,B,X,BX,636,0.469953934,weighted_recent
B00BVX5W80,FR30SNISL,Snickerdoodle,30ML,MEDIUM,3,B,X,BX,627.3518776,0.488856836,weighted_recent
B071Y4CTKH,FR30FIGFBASL,Fig,30ML,MEDIUM,4,B,X,BX,618.617,0.335821956,weighted_recent
B009Z6KL2C,FR30BLUSL,Blueberry,30ML,MEDIUM,1,B,X,BX,549.7416166,0.103891453,weighted_recent
B01LY0WASP,FR30PCRSL,Peaches & Cream,30ML,MEDIUM,2,B,X,BX,545,0.415926364,weighted_recent
B01DMPILKK,FR30CARSL,Caramel Corn,30ML,MEDIUM,5,B,X,BX,532,0.448676486,weighted_recent
B09CCP86PC,FR30MSSSL,Moss,30ML,MEDIUM,4,B,X,BX,529.7546346,0.328401611,weighted_recent
B0757X2TG5,FR30RMYSL,Rosemary,30ML,MEDIUM,6,B,X,BX,523.342445,0.283593141,weighted_recent
B0BTMX7718,FR30STLSL,Strawberry Lemonade,30ML,MEDIUM,1,B,X,BX,515.386,0.37314271,weighted_recent
B09CCP3WLZ,FR30SSESL,Salty Sea,30ML,LOW,5,B,X,BX,487.2698249,0.333713948,weighted_recent
B09CCYR8NS,FR30CHASL,Champagne,30ML,LOW,1,B,X,BX,484.5675669,0.373448545,weighted_recent
B09CCM7DNT,FR30EVFSL,Evergreen Forest,30ML,LOW,6,B,Y,BY,484.3913734,0.50959066,velocity_x_seasonal
B01LX1OWVG,FR30MISSL,Mistletoe,30ML,LOW,6,B,Z,BZ,480.8245553,1.203023938,same_month_yoy
B071R3B2FW,FR30VETSL,Vetiver,30ML,LOW,6,B,X,BX,466,0.290680247,weighted_recent
B00LOX5A16,FR30GRASL,Grapefruit,30ML,LOW,2,B,X,BX,424.8746801,0.370160872,weighted_recent
B01M193921,FR30OGCSL,Orangesicle,30ML,LOW,2,B,X,BX,415.848,0.26682949,weighted_recent
B071Y4CTKC,FR30PPISL,Pecan Pie,30ML,LOW,3,B,Y,BY,405.9543216,0.670462812,velocity_x_seasonal
B08GBTDW7L,FR30TRBSL,Tropical Breeze,30ML,LOW,1,B,Y,BY,397.9633628,0.523039286,velocity_x_seasonal
B00LOX535E,FR30APRSL,Apricot,30ML,LOW,7,C,X,CX,397.386,0.265492214,weighted_recent
B01DMR7TG0,R30OCHSL,Orchid,30ML,LOW,1,C,X,CX,393.462,0.457032728,weighted_recent
B01DMRPRNM,FR30SMOSL,Smores,30ML,LOW,6,C,X,CX,392.4684021,0.304264454,weighted_recent
B07W7L92K4,FR30HODSL,Honeydew,30ML,LOW,1,C,X,CX,377.4149614,0.330738168,weighted_recent
B071XV1G7R,FR30LIMSL,Lime,30ML,LOW,1,C,X,CX,375,0.309106333,weighted_recent
B07JHC8KRB,FR30COLSL,Cola,30ML,LOW,5,C,X,CX,360.1988453,0.155181371,weighted_recent
B07581XC54,FR30PBRFBA,Pearberry,30ML,LOW,1,C,X,CX,348.7179586,0.387667549,weighted_recent
B01DMRH2QW,FR30ROOSL,Root Beer,30ML,LOW,7,C,X,CX,344,0.180129367,weighted_recent
B00LOX5BNI,FR30PAFSL,Passion Fruit,30ML,LOW,1,C,Y,CY,342,0.560791566,velocity_x_seasonal
B0BTMXH61S,FR30HOFSL,Hot Fudge,30ML,LOW,4,C,X,CX,340.462,0.333435384,weighted_recent
B075838C7D,FR30CAASL,Candy Apple,30ML,LOW,4,C,Y,CY,314.7129132,0.521199777,velocity_x_seasonal
B017WPBVI0,FR30COFSL,Coffee Cake,30ML,LOW,6,C,X,CX,312,0.400579254,weighted_recent
B06ZZN3CGL,FR30FTWSL,Fresh Cut Wood,30ML,LOW,6,C,X,CX,311,0.421203015,weighted_recent
B07JJRWJLX,FR30CAFSL,CafÃ© Mocha,30ML,LOW,2,C,X,CX,310,0.321759725,weighted_recent
B01LWQ0X0N,FR30CCRSL,Coconut Cream Pie,30ML,LOW,5,C,X,CX,284,0.281211816,weighted_recent
B07W7LW2MW,FR30LEGSL,Lemongrass,30ML,LOW,2,C,X,CX,283.924,0.348914488,weighted_recent
B00LOX5CY6,FR30YLYSL,Ylang Ylang,30ML,LOW,7,C,X,CX,281,0.369494168,weighted_recent
B07582HCXL,FR30BLLSL,Black Licorice,30ML,LOW,5,C,Y,CY,270.462,0.702818309,velocity_x_seasonal
B06ZZX2GBC,FR30VBASL,Verbena,30ML,LOW,2,C,X,CX,268,0.338547738,weighted_recent
B07W6JZSCJ,FR30BACSL,Bacon,30ML,LOW,4,C,X,CX,265.4039178,0.429334545,weighted_recent
B09CD864MT,FR30MOASL,Mountain Air,30ML,LOW,5,C,X,CX,264.3905615,0.345434326,weighted_recent
B00U20ED8I,FR30CHMSL,Chocolate Mint,30ML,LOW,6,C,Y,CY,261.6888564,0.659153046,velocity_x_seasonal
B009Z6KMBW,FR30FREFBA,Freesia,30ML,LOW,1,C,X,CX,258,0.325892991,weighted_recent
B07JJSD111,FR30CHUSL,Churro,30ML,LOW,7,C,X,CX,243,0.331621391,weighted_recent
B08GC775VK,FR30HAGSL,Hawaiian Ginger,30ML,LOW,1,C,X,CX,232.679183,0.44242075,weighted_recent
B09CD3SPBV,FR30REFSL,Redwood Forest,30ML,LOW,6,C,X,CX,227.2658423,0.311974949,weighted_recent
B09CD3V2SK,FR30WRWSL,Warm Rustic Woods,30ML,LOW,4,C,Y,CY,216.2099394,0.577262769,velocity_x_seasonal
B0FJ3M1JRR,FR30HSVFBA,Honeysuckle Vine,30ML,LOW,6,C,Z,CZ,214,1.392004057,same_month_yoy
B09CCX1XYD,FR30SEASL,Seashore,30ML,LOW,5,C,X,CX,180.0599596,0.405873337,weighted_recent
B071DFNX7Z,FR30PAYSL,Papaya,30ML,LOW,7,C,X,CX,174.462,0.435628367,weighted_recent
B071CL4NTT,FR30REPSL,Red Poppy,30ML,LOW,1,C,X,CX,174.0189976,0.338946914,weighted_recent
B00BVX5XBG,FR30AWSSL,Awapuhi & Seaberry,30ML,LOW,7,C,X,CX,169,0.357250091,weighted_recent
B08GBVM955,FR30ISLSL,Island Life,30ML,LOW,1,C,X,CX,157.8623675,0.480376854,weighted_recent
B09CCR7K43,FR30SNDSL,Sand,30ML,LOW,1,C,X,CX,153,0.43385972,weighted_recent
B00BVX5XYS,FR30AMBSL,Ambrosia,30ML,LOW,7,C,X,CX,140.2942768,0.313511267,weighted_recent
B075813H8L,FR30JEBSL,Jelly Bean,30ML,LOW,2,C,Z,CZ,135.7211762,1.368581701,same_month_yoy
B0182S0B32,FR30CACSL,Candy Corn,30ML,LOW,3,C,Z,CZ,117,1.297270589,same_month_yoy
B00LOX54HG,FR30AZASL,Azalea,30ML,LOW,1,C,X,CX,99,0.481091927,weighted_recent
B09CCKW3PT,FR30WECSL,Wedding Cake,30ML,LOW,4,C,Y,CY,90.99837652,0.616911806,velocity_x_seasonal
B06ZZ3373H,FR30PRISL,Primrose,30ML,LOW,1,C,X,CX,81,0.465887706,weighted_recent
B01CT4AJX2,FR30BALSL,Basil,30ML,LOW,1,C,Y,CY,74.35001191,0.83180545,velocity_x_seasonal
B0757YRS6Y,FR30THYSL,Thyme,30ML,LOW,4,C,X,CX,73,0.412834138,weighted_recent
B07Z5C4W8K,FR10GESFBA,Gentlemen's,SET,HIGH,2,A,X,AX,55074,0.176039199,weighted_recent
B00CAE77OG,FR10AUSFBA,Autumn,SET,HIGH,3,A,Z,AZ,39734,1.097727302,same_month_yoy
B01MRRFEB6,FR10CHSFBA,Christmas,SET,HIGH,6,A,Z,AZ,31174,2.116813923,same_month_yoy
B017JFYR1G,FR10SCS,Spice,SET,HIGH,3,A,Z,AZ,21089,1.10864145,same_month_yoy
B01MYTO3T4,FR1OHOSFBA,Holiday,SET,HIGH,6,A,Z,AZ,15251,1.901956597,same_month_yoy
B09CCMFXZ9,FR10FHSFBA,Farmhouse,SET,HIGH,6,A,Y,AY,10707.01475,0.653305127,velocity_x_seasonal
B017JCBVAY,FR10BASFBA,Bakery,SET,HIGH,7,A,X,AX,9916,0.357872599,weighted_recent
B00CAFC98E,FR10WISFBA,Winter,SET,HIGH,6,A,Z,AZ,9827.648034,1.29656239,same_month_yoy
B0855BLR6Q,FR10CMSFBA,Clean Home,SET,HIGH,7,A,X,AX,9789.156255,0.267270282,weighted_recent
B00CAF7RMW,FR10SUSFBA,Summer,SET,HIGH,1,A,Y,AY,9527,0.705931585,velocity_x_seasonal
B07119SR1K,FR10HWSFBA,Halloween,SET,HIGH,3,A,Z,AZ,9462.048012,1.281601452,same_month_yoy
B00C9358NU,FR10FLSFBA,Floral,SET,HIGH,7,A,X,AX,8587.106,0.163996733,weighted_recent
B09CCNFZ3J,FR10TSSFBA,The Study,SET,HIGH,7,A,X,AX,6630,0.185035115,weighted_recent
B00CAEXO2A,FR10NAS,Nature,SET,HIGH,2,A,X,AX,6492,0.37898981,weighted_recent
B07HMLR479,FR10CSSFBA,Coffee Shop,SET,HIGH,6,A,X,AX,6060,0.380818053,weighted_recent
B0855S6HXZ,FR10CZSFBA,Cozy Home,SET,HIGH,6,A,Y,AY,5561.430616,0.747028529,velocity_x_seasonal
B07HM9J6LR,FR10SSSFBA,Slime,SET,HIGH,2,A,X,AX,5463.741763,0.238422711,weighted_recent
B08DL9DXMK,FR10HISFBA,Hawaiian,SET,HIGH,1,B,X,BX,4978.574776,0.283207225,weighted_recent
B072DYHGJF,FR10CCSFBA,Cookies & Cakes,SET,HIGH,6,B,Y,BY,4912,0.682344392,velocity_x_seasonal
B017JCX9RW,FR10TQSFBA,Tranquil,SET,HIGH,7,B,X,BX,4869.626,0.188415277,weighted_recent
B0855DS4J1,FR10LASFBA,Ladies,SET,HIGH,1,B,X,BX,4595.781,0.381397441,weighted_recent
B0855QR9Z9,FR10CISFBA,Citrus,SET,HIGH,7,B,X,BX,4485.462373,0.289162745,weighted_recent
B0855DNZ7V,FR10CBSFBA,Caribbean,SET,HIGH,1,B,X,BX,4198.467043,0.488600216,weighted_recent
B09CCLLQX4,FR10SDSFBA,Surf & Sand,SET,HIGH,7,B,X,BX,4195.276377,0.274908517,weighted_recent
B071DT3WHS,FR10CASFBA,Camping,SET,HIGH,6,B,Y,BY,4076.42647,0.532465731,velocity_x_seasonal
B01MY2RYRZ,FR10WIS10FBA,Winter,SET,HIGH,6,B,Z,BZ,3861,1.775116036,same_month_yoy
B01NBP6E9F,FR1OAUS14FBA,Autumn,SET,HIGH,3,B,Y,BY,3785,0.879903395,velocity_x_seasonal
B0855C1D1X,FR10GKSFBA,Grandma's Kitchen,SET,HIGH,6,B,X,BX,2965.507432,0.418453824,weighted_recent
B09CCSG45L,FR10WLSFBA,Woodland,SET,HIGH,6,B,X,BX,2782.189712,0.395179496,weighted_recent
B00C932DU6,FR10TOSFBA,Favorite,SET,HIGH,2,B,X,BX,2357.506392,0.401057937,weighted_recent
B0855BQKLH,FR10RMSFBA,Romance,SET,HIGH,6,B,Y,BY,1965.071441,0.576443881,velocity_x_seasonal
B00CAEKNWE,FR10FRSFBA,Fruit,SET,HIGH,6,C,X,CX,1847.968692,0.367755668,weighted_recent
B07HM9N4MW,FR10EGSFBA,English Garden,SET,HIGH,7,C,X,CX,1844.592098,0.252804462,weighted_recent
B0855RHR58,FR10SASFBA,Spa,SET,HIGH,7,C,X,CX,1649.603069,0.361105059,weighted_recent
B00CAGCBAY,FR10FASFBA,Favorite,SET,MEDIUM,6,C,Y,CY,1570.843209,0.653044614,velocity_x_seasonal
B00KGOL5NG,FR10TRSFBA,Tropical,SET,MEDIUM,1,C,X,CX,1465.091658,0.268776471,weighted_recent
B0855PNX6K,FR10LVSFBA,Love,SET,MEDIUM,6,C,X,CX,1356.113227,0.411884955,weighted_recent
B0855C12JP,FR10SMSFBA,Summer Flowers,SET,MEDIUM,1,C,Y,CY,1303.407141,0.545504656,velocity_x_seasonal
B01N7MQ2G7,FR10SWS14FBA,Sweet,SET,MEDIUM,6,C,X,CX,1224.112131,0.479012999,weighted_recent
B0855DMVGL,FR10RTSFBA,Road Trip,SET,MEDIUM,6,C,Z,CZ,1041.905892,1.035833619,same_month_yoy
B017JGFXIG,FR10FL14FBA,Floral,SET,MEDIUM,2,C,X,CX,777.2817178,0.469279828,weighted_recent
B01MU5FYUC,FR10SUS14FBA,Summer,SET,MEDIUM,6,C,X,CX,694.3038879,0.471981696,weighted_recent
B01MZ4LZB0,FR10SPS14FBA,Spring,SET,MEDIUM,6,C,Y,CY,621.0999139,0.854934519,velocity_x_seasonal
B00CAF382A,FR10SPSFBA,Spring,SET,MEDIUM,2,C,X,CX,605.0931877,0.364114678,weighted_recent
B01MTUK80R,FR10SWS,Sweet,SET,LOW,6,C,Y,CY,437,0.645569334,velocity_x_seasonal
B0BT6YVD2V,FR10BYSFBA,Birthday,SET,LOW,2,C,X,CX,321.6564285,0.302051162,weighted_recent
B0BTFVG1Q8,FR10PCSFBA,Picnic,SET,LOW,2,C,Y,CY,217.0367937,0.812202075,velocity_x_seasonal
