(Child) ASIN,Title,SKU,Sessions - Total,Page Views - Total,Featured Offer (Buy Box) Percentage,Units Ordered,Units Ordered - B2B,Ordered Product Sales,Ordered Product Sales - B2B,Total Order Items,Total Order Items - B2B
B009YQ5650,"P&J Trading Fragrance Oil | Apple Oil 30ml - Candle Scents for Candle Making, Freshie Scents, Soap Making Supplies, Diffuser Oil Scents",FR30APPSL,342,393,0.9894,52,1,467.3,8.81,52,1
B009Z4Y5DK,"P&J Trading Fragrance Oil | Almond Oil 30ml - Candle Scents for Candle Making, Freshie Scents, Soap Making Supplies, Diffuser Oil Scents",FR30ALMSL,520,740,0.9954,156,4,1394.4,27.92,153,4
B009Z6KKVY,"P&J Trading Fragrance Oil | Patchouli Oil 30ml - Candle Scents for Candle Making, Freshie Scents, Soap Making Supplies, Diffuser Oil Scents",FR30PATSL,161,210,1,83,3,740.14,20.94,79,3
B009Z6KL2C,"P&J Trading Blueberry Fragrance Oil, 30ml - Essential Oil for Candle Making, Diffuser, Soap, Perfume, Bath & Body",FR30BLUSL,171,201,0.9948,21,2,188.43,17.62,21,2
B009Z6KL68,"P&J Trading Fragrance Oil | Sandalwood Oil 30ml - Candle Scents for Candle Making, Freshie Scents, Soap Making Supplies, Diffuser Oil Scents",FR30SANFBA,373,477,0.9809,149,7,1338.25,61.67,141,7
B009Z6KLAY,"P&J Fragrance Oil - Banana Scent 30ml - Candle Scents, Soap Making, Diffuser Oil, Fresh Scents",FR30BANSL,410,511,0.9834,107,5,961.03,44.05,106,5
B009Z6KLEK,"P&J Fragrance Oil - Vanilla 30ml - Candle Scents, Soap Making, Diffuser Oil, Aromatherapy",FR30VANFBA,580,727,0.9986,181,5,1617.3,44.05,177,3
B009Z6KLJA,"P&J Trading Fragrance Oil | Cinnamon Oil 30ml - Candle Scents for Candle Making, Freshie Scents, Soap Making Supplies, Diffuser Oil Scents",FR30CINSL,271,318,0.9968,63,1,556.11,8.81,63,1
B009Z6KLQS,"P&J Trading - Coconut Scented Oil 30ml - Fragrance Oil for Candle Making, Soap Making, Diffuser Oil",FR30COCFBA,783,1041,0.9926,260,23,2326.16,195.53,246,14
B009Z6KLZO,"P&J Trading Fragrance Oil | Cranberry Oil 30ml - Candle Scents for Candle Making, Freshie Scents, Soap Making Supplies, Diffuser Oil Scents",FR30CRASL,73,84,0.9875,15,0,134.85,0,13,0
B009Z6KMBW,"P&J Trading - Freesia Scented Oil 30ml - Fragrance Oil for Candle Making, Soap Making, Diffuser Oil",FR30FREFBA,46,56,0.9811,20,1,177.79,6.98,19,1
B009Z6KMFS,"P&J Fragrance Oil - Christmas Wreath Scent, 30ml",FR30CHWSL,127,143,0.9781,17,4,144.29,27.42,17,4
B009Z6KML2,"P&J Fragrance Oil Gardenia 30ml - Candle Scents, Soap Making, Diffuser Oil, Aromatherapy",FR30GARFBA,159,186,0.9944,42,0,377.58,0,42,0
B009Z6KMTE,"P&J Fragrance Oil - Gingerbread Scented Candle Making Oil, 30ml",FR30GINSL,95,110,0.99,7,0,62.93,0,7,0
B009Z6KN2K,"P&J Trading Fragrance Oil | Jasmine Oil 30ml - Candle Scents for Candle Making, Freshie Scents, Soap Making Supplies, Diffuser Oil Scents",FR30JASSL,310,416,0.9949,126,2,1128.72,13.96,118,2
B009Z6KNFC,"P&J Fragrance Oil | Lavender Oil 30ml - Candle Scents for Candle Making, Freshie Scent, Soap Making Supplies, Diffuser Oil Scents",FR30LAVFBA,346,422,0.9951,149,5,1329.62,44.05,139,5
B009Z6KNP2,"P&J Trading Fragrance Oil | Lilac Oil 30ml - Candle Scents for Candle Making, Freshie Scents, Soap Making Supplies, Diffuser Oil Scents",FR30LILFBA,658,852,0.9988,315,47,2795.31,388.67,266,5
B009Z6KPWI,"P&J Fragrance Oil - Harvest Spice 30ml - Candle Scents, Soap Scents, Diffuser Oil Scents",FR30HAS,114,130,0.9836,1,0,8.99,0,1,0
B009Z6KPWI,"P&J Fragrance Oil - Harvest Spice 30ml - Candle Scents, Soap Scents, Diffuser Oil Scents",FR30HASSL,114,130,0.9836,11,1,87.21,8.81,11,1
B009Z6KQ7C,"P&J Fragrance Oil - Pear Oil 30ml - Candle Scents, Soap Making, Diffuser Oil, Fresh Scent",FR30PEASL,232,294,1,95,2,844.7,17.62,95,2
B009Z6KQGS,"P&J Trading - Rose Scented Oil 30ml - Fragrance Oil for Candle Making, Soap Making, Diffuser Oil",FR30ROSFBA,759,1010,0.9957,309,13,2757.59,114.53,293,13
B00BVX5FX2,"P&J Fragrance Oil - Violet Scent 30ml - Candle Scents, Soap Making, Diffuser Oil, Fresh Scents",FR30VIOSL,176,229,1,68,6,610.42,53.04,68,6
B00BVX5GBS,"P&J Fragrance Oil Bubble Gum 30ml - Candle Scents, Soap Making, Diffuser Oil, Aromatherapy",FR30BUGSL,202,230,0.9867,51,6,457.41,52.86,49,5
B00BVX5GHW,"P&J Trading Fragrance Oil | Sweet Pea Oil 30ml - Candle Scents for Candle Making, Freshie Scents, Soap Making Supplies, Diffuser Oil Scents",FR30SWP,199,244,0.9724,1,0,8.99,0,1,0
B00BVX5GHW,"P&J Trading Fragrance Oil | Sweet Pea Oil 30ml - Candle Scents for Candle Making, Freshie Scents, Soap Making Supplies, Diffuser Oil Scents",FR30SWPSL,199,244,0.9724,60,3,538.86,26.43,59,3
B00BVX5GXQ,"P&J Trading Fragrance Oil | Strawberry Oil 30ml - Candle Scents for Candle Making, Freshie Scents, Soap Making Supplies, Diffuser Oil Scents",FR30STRFBA,284,349,0.994,79,10,708.41,88.1,77,9
B00BVX5S70,"P&J Trading Fragrance Oil | Plumeria Oil 30ml - Candle Scents for Candle Making, Freshie Scents, Soap Making Supplies, Diffuser Oil Scents",FR30PLUSL,171,204,0.9947,52,1,467.3,8.81,52,1
B00BVX5SW0,"P&J Trading - Fresh Cotton Scented Oil 30ml - Fragrance Oil for Candle Making, Soap Making, Diffuser Oil",FR30FRCFBA,819,1084,0.9938,419,5,3765.91,44.05,399,5
B00BVX5T2Y,"P&J Trading Fragrance Oil | Mango Oil 30ml - Candle Scents for Candle Making, Freshie Scents, Soap Making Supplies, Diffuser Oil Scents",FR30MAN,277,357,0.994,1,0,8.99,0,1,0
B00BVX5T2Y,"P&J Trading Fragrance Oil | Mango Oil 30ml - Candle Scents for Candle Making, Freshie Scents, Soap Making Supplies, Diffuser Oil Scents",FR30MANSL,277,357,0.994,98,4,880.3,35.24,96,4
B00BVX5TI8,"P&J Trading Fragrance Oil | Peach Oil 30ml - Candle Scents for Candle Making, Freshie Scents, Soap Making Supplies, Diffuser Oil Scents",FR30PECFBA,277,340,0.988,139,14,1239.99,116.24,118,5
B00BVX5TXS,"P&J Trading - Pineapple Scented Oil 30ml - Fragrance Oil for Candle Making, Soap Making, Diffuser Oil",FR30PINFBA,199,261,0.9836,83,9,728.08,62.82,82,9
B00BVX5UGY,"P&J Trading Fragrance Oil | Orange Oil 30ml - Candle Scents for Candle Making, Freshie Scents, Soap Making Supplies, Diffuser Oil Scents",FR30ORASL,144,183,0.9944,70,6,628.22,52.86,70,6
B00BVX5UHI,"P&J Fragrance Oil | Brown Sugar Oil 30ml - Candle Scents for Candle Making, Freshie, Soap Making Supplies, Diffuser Oil Scents",FR30BRSSL,570,693,0.9939,150,3,1338.97,26.43,149,3
B00BVX5V0O,"P&J Fragrance Oil | Peppermint Oil 30ml - Candle Scents for Candle Making, Freshie Scents, Soap Making Supplies, Diffuser Oil Scents",FR30PEPSL,56,64,0.9677,25,2,220.73,13.96,25,2
B00BVX5VLI,"P&J Fragrance Oil | Forest Pine Oil 30ml - Candle Scents for Candle Making, Freshie Scent, Soap Making Supplies, Diffuser Oil Scents",FR30FOPSL,273,346,0.9938,99,3,884.43,26.43,95,3
B00BVX5VOA,"P&J Trading Fragrance Oil | Rain Oil 30ml - Candle Scents for Candle Making, Freshie Scents, Soap Making Supplies, Diffuser Oil Scents",FR30RAIFBA,228,281,0.9891,82,5,736.28,44.05,79,5
B00BVX5W80,"P&J Trading - Snickerdoodle Scented Oil 30ml - Fragrance Oil for Candle Making, Soap Making, Diffuser Oil",FR30SNISL,46,59,0.9828,8,0,71.92,0,7,0
B00BVX5XBG,"P&J Trading Fragrance Oil | Awapuhi & Seaberry Oil 30ml - Candle Scents for Candle Making, Freshie Scents, Soap Making Supplies, Diffuser Oil Scents",FR30AWSSL,55,58,1,16,0,143.84,0,16,0
B00BVX5XYS,"P&J Trading - Ambrosia Scented Oil 30ml - Fragrance Oil for Candle Making, Soap Making, Diffuser Oil",FR30AMBSL,44,48,1,11,1,98.71,8.81,11,1
B00BYCYMPW,P&J Trading Fragrance Oil for Diffusers for Home - Almond 10ml Fragrance Scents for Candle Making - Soap Making Supplies & Car Diffuser Scents,FR10ALM,44,53,0.94,7,0,34.93,0,7,0
B00BYCYNW4,P&J Trading Fragrance Oil for Diffusers for Home - Apple 10ml Fragrance Scents for Candle Making - Soap Making Supplies & Car Diffuser Scents,FR10APP,54,75,0.9306,27,14,131.37,66.5,15,2
B00BYCYP22,P&J Trading Fragrance Oil for Diffusers for Home - Banana 10ml Fragrance Scents for Candle Making - Soap Making Supplies & Car Diffuser Scents,FR10BAN,38,44,0.9762,13,1,64.77,4.89,13,1
B00BYCYQ3A,P&J Trading Fragrance Oil for Diffusers for Home - Blueberry 10ml Fragrance Scents for Candle Making - Soap Making Supplies & Car Diffuser Scents,FR10BLU,31,39,1,9,0,44.91,0,8,0
B00BYCYR4I,P&J Trading Fragrance Oil for Diffusers for Home - Christmas Wreath 10ml Fragrance Scents for Candle Making - Soap Making Supplies & Car Diffuser Scents,FR10CHW,13,17,1,3,0,14.97,0,3,0
B00BYCYS8S,P&J Trading Fragrance Oil for Diffusers for Home - Cinnamon 10ml Fragrance Scents for Candle Making - Soap Making Supplies & Car Diffuser Scents,FR10CIN,33,40,0.9211,9,0,44.91,0,8,0
B00BYCYTG4,P&J Trading Fragrance Oil for Diffusers for Home - Coconut 10ml Fragrance Scents for Candle Making - Soap Making Supplies & Car Diffuser Scents,FR10COC,39,47,1,11,0,54.89,0,10,0
B00BYCYW0C,P&J Trading Fragrance Oil for Diffusers for Home - Gardenia 10ml Fragrance Scents for Candle Making - Soap Making Supplies & Car Diffuser Scents,FR10GAR,15,23,1,5,0,24.95,0,5,0
B00BYCYX1K,P&J Trading Fragrance Oil for Diffusers for Home - Gingerbread 10ml Fragrance Scents for Candle Making - Soap Making Supplies & Car Diffuser Scents,FR10GIN,14,16,1,4,0,19.96,0,4,0
B00BYCYYGY,P&J Trading Fragrance Oil for Diffusers for Home - Harvest Spice 10ml Fragrance Scents for Candle Making - Soap Making Supplies & Car Diffuser Scents,FR10HAS,17,21,1,2,0,9.98,0,2,0
B00BYCYZPE,P&J Trading Fragrance Oil for Diffusers for Home - Jasmine 10ml Fragrance Scents for Candle Making - Soap Making Supplies & Car Diffuser Scents,FR10JAS,32,37,0.9714,13,1,64.77,4.89,13,1
B00BYCZ17K,P&J Trading Fragrance Oil for Diffusers for Home - Lavender 10ml Fragrance Scents for Candle Making - Soap Making Supplies & Car Diffuser Scents,FR10LAV,43,52,1,14,0,69.86,0,14,0
B00BYCZ2B0,P&J Trading Fragrance Oil for Diffusers for Home - Lilac 10ml Fragrance Scents for Candle Making - Soap Making Supplies & Car Diffuser Scents,FR10LIL,45,56,0.9444,6,0,29.94,0,6,0
B00BYCZ53U,P&J Trading Fragrance Oil for Diffusers for Home - Patchouli 10ml Fragrance Scents for Candle Making - Soap Making Supplies & Car Diffuser Scents,FR10PAT,29,35,1,8,0,39.92,0,8,0
B00BYCZ8GO,P&J Trading Fragrance Oil for Diffusers for Home - Pear 10ml Fragrance Scents for Candle Making - Soap Making Supplies & Car Diffuser Scents,FR10PEA,41,53,1,9,0,44.91,0,9,0
B00BYCZ9JK,P&J Trading Fragrance Oil for Diffusers for Home - Rose 10ml Fragrance Scents for Candle Making - Soap Making Supplies & Car Diffuser Scents,FR10ROS,130,151,0.9795,22,1,109.68,4.89,22,1
B00BYCZAOO,"P&J Fragrance Oil - Sandalwood 10ml - Candle Scents, Soap Making, Diffuser Oil, Fresh Scents",FR10SAN,77,96,0.9518,28,1,139.62,4.89,27,1
B00BYCZBFW,P&J Trading Fragrance Oil for Diffusers for Home - Vanilla 10ml Fragrance Scents for Candle Making - Soap Making Supplies & Car Diffuser Scents,FR10VAN,105,126,0.9732,29,0,144.71,0,29,0
B00BYCZD2I,P&J Trading Fragrance Oil for Diffusers for Home - Freesia 10ml Fragrance Scents for Candle Making - Soap Making Supplies & Car Diffuser Scents,FR10FRE,46,57,1,3,0,14.97,0,3,0
B00BYD3AMM,P&J Trading Fragrance Oil for Diffusers for Home - Violet 10ml Fragrance Scents for Candle Making - Soap Making Supplies & Car Diffuser Scents,FR10VIO,31,38,1,2,0,9.98,0,2,0
B00BYD3BRQ,P&J Trading Fragrance Oil for Diffusers for Home - Bubble Gum 10ml Fragrance Scents for Candle Making - Soap Making Supplies & Car Diffuser Scents,FR10BUG,48,64,0.8889,12,1,59.78,4.89,12,1
B00BYD3DVA,P&J Trading Fragrance Oil for Diffusers for Home - Mango 10ml Fragrance Scents for Candle Making - Soap Making Supplies & Car Diffuser Scents,FR10MAN,23,27,0.9231,2,0,9.98,0,2,0
B00BYD3FHW,P&J Trading Fragrance Oil for Diffusers for Home - Brown Sugar 10ml Fragrance Scents for Candle Making - Soap Making Supplies & Car Diffuser Scents,FR10BRS,36,41,0.9737,12,0,59.88,0,12,0
B00BYD3GIU,P&J Trading Fragrance Oil for Diffusers for Home - Rain 10ml Fragrance Scents for Candle Making - Soap Making Supplies & Car Diffuser Scents,FR10RAI,125,153,0.9927,25,0,124.75,0,24,0
B00BYD3HGG,P&J Trading Fragrance Oil for Diffusers for Home - Snickerdoodle 10ml Fragrance Scents for Candle Making - Soap Making Supplies & Car Diffuser Scents,FR10SNI,23,31,1,8,0,39.92,0,8,0
B00BYD3IL0,P&J Trading Fragrance Oil for Diffusers for Home - Awapuhi & Seaberry 10ml Fragrance Scents for Candle Making - Soap Making Supplies & Car Diffuser Scents,FR10AWS,47,51,0.9796,1,0,4.99,0,1,0
B00BYD3JM8,P&J Trading Fragrance Oil for Diffusers for Home - Ambrosia 10ml Fragrance Scents for Candle Making - Soap Making Supplies & Car Diffuser Scents,FR10AMB,19,23,0.9565,4,0,19.96,0,4,0
B00BYD3O46,P&J Trading Fragrance Oil for Diffusers for Home - Sweet Pea 10ml Fragrance Scents for Candle Making - Soap Making Supplies & Car Diffuser Scents,FR10SWP,14,17,1,3,0,14.97,0,2,0
B00BYD3OXC,P&J Trading Fragrance Oil for Diffusers for Home - Strawberry 10ml Fragrance Scents for Candle Making - Soap Making Supplies & Car Diffuser Scents,FR10STR,55,72,1,10,2,49.7,9.78,10,2
B00BYD3Q08,P&J Trading Fragrance Oil for Diffusers for Home - Plumeria 10ml Fragrance Scents for Candle Making - Soap Making Supplies & Car Diffuser Scents,FR10PLU,29,35,1,7,0,34.93,0,7,0
B00BYD3RI4,P&J Trading Fragrance Oil for Diffusers for Home - Fresh Cotton 10ml Fragrance Scents for Candle Making - Soap Making Supplies & Car Diffuser Scents,FR10FRC,25,33,1,8,0,39.92,0,8,0
B00BYD3SFG,P&J Trading Fragrance Oil for Diffusers for Home - Peach 10ml Fragrance Scents for Candle Making - Soap Making Supplies & Car Diffuser Scents,FR10PEC,52,73,0.2794,2,0,9.98,0,2,0
B00BYD3TYG,P&J Trading Fragrance Oil for Diffusers for Home - Pineapple 10ml Fragrance Scents for Candle Making - Soap Making Supplies & Car Diffuser Scents,FR10PIN,44,62,0.9474,7,0,34.93,0,7,0
B00BYD3UWM,P&J Trading Fragrance Oil for Diffusers for Home - Orange 10ml Fragrance Scents for Candle Making - Soap Making Supplies & Car Diffuser Scents,FR10ORA,26,29,1,5,0,24.95,0,5,0
B00BYD3WUM,P&J Trading Fragrance Oil for Diffusers for Home - Forest Pine 10ml Fragrance Scents for Candle Making - Soap Making Supplies & Car Diffuser Scents,FR10FOP,39,57,0.9787,8,0,39.92,0,8,0
B00C932DU6,"P&J Fragrance Oil Favorites Set | Fresh Cotton, Amber, Leather, Strawberry Shortcake, Lilac, Vanilla for Candle Making, Soap Making Supplies, Diffuser Oils Scents",FR10FAVFBA,2389,2781,0.9989,80,3,1304.97,47.74,79,3
B00C9358NU,"P&J Trading Fragrance Oil Floral Set | Violet, Jasmine, Rose, Lilac, Freesia, and Gardenia Candle Scents for Candle Making, Freshie Scents, Soap Making Supplies, Diffuser Oil Scents",FR10FLSFBA,2447,3243,0.9974,243,14,4366.19,251.86,237,10
B00CAE77OG,"P&J Fragrance Oil Autumn Set | Brown Sugar, Apple, Harvest Spice, Vanilla, Forest Pine, and Snickerdoodle Candle Scents for Candle Making, Freshie, Soap Making Supplies, Diffuser Oil Scents",FR10AUS,2974,3570,0.9977,1,1,17.63,17.63,1,1
B00CAE77OG,"P&J Fragrance Oil Autumn Set | Brown Sugar, Apple, Harvest Spice, Vanilla, Forest Pine, and Snickerdoodle Candle Scents for Candle Making, Freshie, Soap Making Supplies, Diffuser Oil Scents",FR10AUSFBA,2974,3570,0.9977,135,18,2317.43,312.24,125,8
B00CAEKNWE,"P&J Trading Fragrance Oil Fruit Set | Orange, Mango, Apple, Blueberry, Banana, and Pear Candle Scents for Candle Making, Freshie Scents, Soap Making Supplies, Diffuser Oil Scents",FR10FRSFBA,1558,1897,0.9973,73,3,1219.19,47.74,73,3
B00CAEXO2A,"P&J Fragrance Oil Nature Set | Forest Pine, Ocean Breeze, Rain, Fresh Cut Grass, Sandalwood, and Bamboo Candle Scents for Candle Making, Freshie Scents, Soap Making Supplies, Diffuser Oil",FR10NAS,3089,4284,0.9909,272,16,4875.29,287.84,268,15
B00CAF382A,"P&J Trading Fragrance Oils for Diffusers for Home Spring Set Fragrance Scents for Candle Making - Soap Making - Car Diffuser Scents - Essential Home Gift Set - Cherry Blossom, Fresh Cut Grass & More",FR10SPSFBA,2079,2416,0.9975,106,2,1747.91,31.09,104,2
B00CAF7RMW,"P&J Trading Summer Set of 6 Fragrance Oils - Peach, Strawberry, Plumeria, Coconut, Ocean Breeze, Pina Colada Candle Scents, Soapmaking, Diffuser Oil",FR10SUS,7112,9627,0.9979,2,2,33.3,33.3,2,2
B00CAF7RMW,"P&J Trading Summer Set of 6 Fragrance Oils - Peach, Strawberry, Plumeria, Coconut, Ocean Breeze, Pina Colada Candle Scents, Soapmaking, Diffuser Oil",FR10SUSFBA,7112,9627,0.9979,631,35,10693.16,584.11,619,32
B00CAFC98E,"P&J Trading Fragrance Oil Winter Set | Cinnamon, Gingerbread, Sugar Cookies, Harvest Spice, Peppermint, and Christmas Wreath Candle Scents for Candle Making, Freshie Scents, Soap Making Supplies",FR10WISFBA,830,990,0.9801,29,1,503.36,17.63,28,1
B00CAGCBAY,"P&J Trading Fragrance Oil Favorite Set | Candle Scents for Candle Making, Freshie Scents, Soap Making Supplies, Diffuser Oil Scents",FR10FASFBA,2352,3239,0.9967,108,8,3876.84,281.84,105,7
B00DFQDY18,"P&J Trading Fragrance | Eucalyptus Oil 30ml - Candle Scents for Candle Making, Freshie Scent, Soap Making Supplies, Diffuser Oil Scents",FR30EUCFBA,140,168,0.9755,75,4,664.54,35.24,68,4
B00KGOKVBI,P&J Trading Fragrance Oil for Diffusers for Home - Apricot 10ml Fragrance Scents for Candle Making - Soap Making Supplies & Car Diffuser Scents,FR10APR,40,47,0.9783,9,2,44.71,9.78,9,2
B00KGOKXKW,P&J Trading Fragrance Oil for Diffusers for Home - Bay Rum 10ml Fragrance Scents for Candle Making - Soap Making Supplies & Car Diffuser Scents,FR10BAR,26,32,1,11,0,54.89,0,6,0
B00KGOKYL0,P&J Trading Fragrance Oil for Diffusers for Home - Lemon 10ml Fragrance Scents for Candle Making - Soap Making Supplies & Car Diffuser Scents,FR10LEM,24,25,1,5,0,24.95,0,5,0
B00KGOKYVA,P&J Trading Fragrance Oil for Diffusers for Home - Cucumber Melon 10ml Fragrance Scents for Candle Making - Soap Making Supplies & Car Diffuser Scents,FR10CCM,43,53,0.9583,9,0,44.91,0,9,0
B00KGOKZK0,P&J Trading Fragrance Oil for Diffusers for Home - Lily 10ml Fragrance Scents for Candle Making - Soap Making Supplies & Car Diffuser Scents,FR10LIY,25,31,1,4,0,19.96,0,4,0
B00KGOL068,P&J Trading Fragrance Oil for Diffusers for Home - Grapefruit 10ml Fragrance Scents for Candle Making - Soap Making Supplies & Car Diffuser Scents,FR10GRA,16,27,1,4,0,19.96,0,4,0
B00KGOL0XG,P&J Trading Fragrance Oil for Diffusers for Home - Ocean Breeze 10ml Fragrance Scents for Candle Making - Soap Making Supplies & Car Diffuser Scents,FR10OCB,78,94,0.989,20,2,99.6,9.78,18,2
B00KGOL30G,P&J Trading Fragrance Oil for Diffusers for Home - Passion Fruit 10ml Fragrance Scents for Candle Making - Soap Making Supplies & Car Diffuser Scents,FR10PAF,20,30,1,3,0,14.97,0,3,0
B00KGOL4O6,"P&J Trading Fragrance | Ylang Ylang Oil 10ml - Candle Scents for Candle Making, Freshie, Soap Making Supplies, Diffuser Oil Scents",FR10YLY,29,40,0.8333,2,0,9.98,0,2,0
B00KGOL5NG,"&J Fragrance Oil Tropical Set | Banana, Coconut, Awapuhi and Seaberry, Pineapple, Mango, Ocean Breeze Candle Scents for Making, Freshie Scent, Soap Making Supplies, Diffuser",FR10TRSFBA,1449,1813,0.9983,126,5,2101.13,81.04,123,5
B00LOX535E,"P&J Trading Fragrance Oil | Apricot Oil 30ml - Candle Scents for Candle Making, Freshie Scents, Soap Making Supplies, Diffuser Oil Scents",FR30APRSL,96,117,1,32,2,287.32,17.62,31,2
B00LOX54HG,"P&J Trading Fragrance Oil | Azalea Oil 30ml - Candle Scents for Candle Making, Freshie Scents, Soap Making Supplies, Diffuser Oil Scents",FR30AZASL,23,50,0.3043,7,2,62.57,17.62,7,2
B00LOX55V6,"P&J Trading Fragrance Oil | Bay Rum Oil 30ml - Candle Scents for Candle Making, Freshie Scents, Soap Making Supplies, Diffuser Oil Scents",FR30BARFBA,252,288,0.9964,68,3,610.78,26.43,68,3
B00LOX57XW,"P&J Fragrance Oil - Cucumber Melon Scent, 30ml",FR30CCMFBA,303,386,0.9918,122,3,1096.24,26.43,120,3
B00LOX58KO,"P&J Trading Lily Essential Oil, 30ml - Premium Grade Fragrance Oil for Candle Making, Diffuser, Soap, Perfume, Aromatherapy, Home & Car Diffusion",FR30LIYSL,185,232,1,44,2,391.54,13.96,44,2
B00LOX59YY,"P&J Fragrance Oil - Ocean Breeze Scent, 30ml",FR30OCBFBA,322,399,0.9843,107,3,956.37,26.43,103,3
B00LOX5A16,"P&J Trading Fragrance | Grapefruit Oil 30ml - Candle Scents for Candle Making, Freshie Scent, Soap Making Supplies, Diffuser Oil Scents",FR30GRASL,52,64,1,25,3,218.72,20.94,25,3
B00LOX5BNI,"P&J Trading - Passion Fruit Scented Oil 30ml - Fragrance Oil for Candle Making, Soap Making, Diffuser Oil",FR30PAFSL,26,33,0.9667,12,1,107.7,8.81,12,1
B00LOX5CY6,"P&J Trading Fragrance | Ylang Ylang Oil 30ml - Candle Scents for Candle Making, Freshie, Soap Making Supplies, Diffuser Oil Scents",FR30YLYSL,61,73,0.9863,20,0,179.8,0,19,0
B00U20EA0E,"P&J Trading Fragrance Oil | Lemon Oil 30ml - Candle Scents for Candle Making, Freshie Scents, Soap Making Supplies, Diffuser Oil Scents",FR30LEMSL,200,261,0.9957,102,7,893.92,48.86,94,6
B00U20EA2M,P&J Trading Fragrance Oil for Diffusers for Home - Amber 10ml Fragrance Scents for Candle Making - Soap Making Supplies & Car Diffuser Scents,FR10AME,70,83,0.9744,27,1,134.63,4.89,27,1
B00U20EBBM,"P&J Trading Fragrance Oil | Amber Oil 30ml - Candle Scents for Candle Making, Freshie Scents, Soap Making Supplies, Diffuser Oil Scents",FR30AME,874,1105,0.9932,1,0,8.99,0,1,0
B00U20EBBM,"P&J Trading Fragrance Oil | Amber Oil 30ml - Candle Scents for Candle Making, Freshie Scents, Soap Making Supplies, Diffuser Oil Scents",FR30AMEFBA,874,1105,0.9932,287,10,2578.33,88.1,281,10
B00U20EBIA,"P&J Trading Fragrance | Eucalyptus Oil 10ml - Candle Scents for Candle Making, Freshie Scent, Soap Making Supplies, Diffuser Oil Scents",FR10EUC,46,54,0.8846,7,0,34.93,0,7,0
B00U20EC4I,"P&J Trading Fragrance Oil | Bamboo Oil 30ml - Candle Scents for Candle Making, Freshie Scents, Soap Making Supplies, Diffuser Oil Scents",FR30BAMFBA,381,471,0.9888,117,5,1041.94,44.05,113,5
B00U20ECG6,P&J Trading Fragrance Oil for Diffusers for Home - Bamboo 10ml Fragrance Scents for Candle Making - Soap Making Supplies & Car Diffuser Scents,FR10BAM,26,34,0.4194,3,0,14.97,0,3,0
B00U20ED8I,"P&J Trading - Chocolate Mint Scented Oil 30ml - Fragrance Oil for Candle Making, Soap Making, Diffuser Oil",FR30CHMSL,34,40,0.9459,9,0,80.91,0,9,0
B00U20EDI8,P&J Trading Fragrance Oil for Diffusers for Home - Chocolate Mint 10ml Fragrance Scents for Candle Making - Soap Making Supplies & Car Diffuser Scents,FR10CHM,16,21,1,4,0,19.96,0,4,0
B00U20EDY2,"P&J Trading Fragrance Oil | Cupcake Oil 30ml - Candle Scents for Candle Making, Freshie Scents, Soap Making Supplies, Diffuser Oil Scents",FR30CUPFBA,130,166,0.9873,31,0,278.69,0,30,0
B00U20EETQ,P&J Trading Fragrance Oil for Diffusers for Home - Cupcake 10ml Fragrance Scents for Candle Making - Soap Making Supplies & Car Diffuser Scents,FR10CUP,52,61,0.9649,13,0,64.87,0,13,0
B00U20EEZU,"P&J Trading Fragrance Oil | Fresh Cut Grass Oil 30ml - Candle Scents for Candle Making, Freshie Scents, Soap Making Supplies, Diffuser Oil Scents",FR30FCGFBA,70,80,0.9737,42,4,376.86,35.24,39,4
B00U20EFOU,P&J Trading Fragrance Oil for Diffusers for Home - Fresh Cut Grass 10ml Fragrance Scents for Candle Making - Soap Making Supplies & Car Diffuser Scents,FR10FCG,81,106,1,20,1,99.7,4.89,17,1
B00U20EFSG,"P&J Trading - Pina Colada Scented Oil 30ml - Fragrance Oil for Candle Making, Soap Making, Diffuser Oil",FR30PICSL,190,235,0.9773,61,6,538.32,52.86,59,4
B00U20EGMQ,"P&J Trading Fragrance Oil | Pomegranate Oil 30ml - Candle Scents for Candle Making, Freshie Scents, Soap Making Supplies, Diffuser Oil Scents",FR30POMSL,194,250,0.9955,81,16,718.21,133.86,67,7
B00U20EGT4,P&J Trading Fragrance Oil for Diffusers for Home - Pina Colada 10ml Fragrance Scents for Candle Making - Soap Making Supplies & Car Diffuser Scents,FR10PIC,62,69,0.9688,9,3,44.61,14.67,9,3
B00U20EHNE,"P&J Trading - Sugar Cookie Scented Oil 30ml - Fragrance Oil for Candle Making, Soap Making, Diffuser Oil",FR30SUGSL,139,171,0.9873,29,1,260.53,8.81,29,1
B00U20EHXO,P&J Trading Fragrance Oil for Diffusers for Home - Pomegranate 10ml Fragrance Scents for Candle Making - Soap Making Supplies & Car Diffuser Scents,FR10POM,19,21,1,8,0,39.92,0,8,0
B00U20EJLE,P&J Trading Fragrance Oil for Diffusers for Home - Sugar Cookie 10ml Fragrance Scents for Candle Making - Soap Making Supplies & Car Diffuser Scents,FR10SUG,41,54,1,5,0,24.95,0,5,0
B0155C1QJG,P&J Trading Fragrance Oil for Diffusers for Home - Candy Corn 10ml Fragrance Scents for Candle Making - Soap Making Supplies & Car Diffuser Scents,FR10CAC,10,13,0.2727,1,0,4.99,0,1,0
B0155DY4D0,P&J Trading Fragrance Oil for Diffusers for Home - Coffee Cake 10ml Fragrance Scents for Candle Making - Soap Making Supplies & Car Diffuser Scents,FR10COF,14,16,0.9333,1,0,4.99,0,1,0
B0155G65GQ,P&J Trading Fragrance Oil for Diffusers for Home - Pumpkin Pie 10ml Fragrance Scents for Candle Making - Soap Making Supplies & Car Diffuser Scents,FR10PUP,23,26,0.9615,4,0,19.96,0,4,0
B0155GHOZ2,P&J Trading Fragrance Oil for Diffusers for Home - Winter Mint 10ml Fragrance Scents for Candle Making - Soap Making Supplies & Car Diffuser Scents,FR10WIM,19,23,0.3636,2,0,9.98,0,2,0
B017JCBVAY,"P&J Trading Bakery Set of 6 Fragrance Oils - Pumpkin Pie, Cupcake, Sugar Cookies, Coffee Cake, Snickerdoodle, Gingerbread Candle Scents, Soap Making, Diffuser Oils",FR10BASFBA,2788,3366,0.9954,88,6,1578.27,105.78,88,6
B017JCX9RW,"P&J Trading Fragrance Oil Tranquil Set | Vanilla, Cucumber Melon, Lavender, Amber, Bamboo, and Ocean Breeze Candle Scents for Candle Making, Freshie Scents, Soap Making Supplies, Diffuser Oil Scents",FR10TQSFBA,2391,3056,0.9949,159,3,2799.93,52.89,158,2
B017JFQ1V0,"P&J Trading Fragrance Oil Clean Set | Fresh Cotton, Lemon, Orange, Grapefruit, Fresh Cut Grass, and Eucalyptus Candle Scents for Candle Making",FR10CLSFBA,106,118,1,3,0,50.97,0,3,0
B017JFYR1G,"P&J Trading Fragrance Oils for Diffusers for Home Spice Set Fragrance Scents for Candle Making - Soap Making Supplies - Car Diffuser Scents - Essential Home Gift Set - Apple Cider, Cinnamon & More",FR10SCS,1604,2008,0.999,112,5,1844.48,81.04,112,5
B017JGFXIG,"P&J Trading Fragrance Oil Floral Set | Violet, Rose, Freesia, Jasmine, Lilac, Gardenia, Lily, Woodbine, Azalea, Ylang Ylang, Sweet Pea, Plumeria, Lavender, Bamboo Candle Scents for Candle Making",FR10FL14FBA,1698,2240,0.9938,95,14,3369.22,493.22,94,13
B017JGFXIG,"P&J Trading Fragrance Oil Floral Set | Violet, Rose, Freesia, Jasmine, Lilac, Gardenia, Lily, Woodbine, Azalea, Ylang Ylang, Sweet Pea, Plumeria, Lavender, Bamboo Candle Scents for Candle Making",FR10FLS14,1698,2240,0.9938,11,1,358.78,35.23,11,1
B017WOMPZ4,"P&J Fragrance Oil Pumpkin Pie 30ml - Candle Scents, Soap Scents, Diffuser Oil Scents",FR30PUPFBA,100,128,1,27,0,231.35,0,27,0
B017WOXLZM,"P&J Trading - Winter Mint Scented Oil 30ml - Fragrance Oil for Candle Making, Soap Making, Diffuser Oil",FR30WIMFBA,107,133,1,22,2,197.42,17.62,21,1
B017WPBVI0,"P&J Trading - Coffee Cake Scented Oil 30ml - Fragrance Oil for Candle Making, Soap Making, Diffuser Oil",FR30COFSL,34,38,0.9737,9,0,70.87,0,8,0
B017WPMDKU,"P&J Fragrance Oil - Apple Cider Scent, 30ml",FR30APCFBA,188,206,0.9561,13,0,116.87,0,13,0
B0182S0B32,"P&J Fragrance Oil - Candy Corn Oil 30ml - Candle Scents, Soap Making, Diffuser Oil, Aromatherapy",FR30CACSL,21,24,1,4,0,35.96,0,4,0
B01CPTMFSS,P&J Trading Fragrance Oil for Diffusers for Home - Candy Cane 10ml Fragrance Scents for Candle Making - Soap Making Supplies & Car Diffuser Scents,FR10CDY,14,21,1,3,0,14.97,0,2,0
B01CPUHQFY,P&J Trading Fragrance Oil for Diffusers for Home - Caramel Corn 10ml Fragrance Scents for Candle Making - Soap Making Supplies & Car Diffuser Scents,FR10CAR,24,27,0.96,2,0,9.98,0,2,0
B01CPUVTI4,P&J Trading Fragrance Oil for Diffusers for Home - Cotton Candy 10ml Fragrance Scents for Candle Making - Soap Making Supplies & Car Diffuser Scents,FR10CTT,121,136,0.9852,9,0,44.91,0,9,0
B01CPZN1I0,P&J Trading Fragrance Oil for Diffusers for Home - French Vanilla 10ml Fragrance Scents for Candle Making - Soap Making Supplies & Car Diffuser Scents,FR10FVA,42,53,0.9796,16,0,79.84,0,15,0
B01CRC6S6I,P&J Trading Fragrance Oil for Diffusers for Home - Orchid 10ml Fragrance Scents for Candle Making - Soap Making Supplies & Car Diffuser Scents,FR10OCH,36,48,1,7,0,34.93,0,6,0
B01CRCP0O4,P&J Trading Fragrance Oil for Diffusers for Home - Root Beer 10ml Fragrance Scents for Candle Making - Soap Making Supplies & Car Diffuser Scents,FR10ROO,22,32,1,6,0,29.94,0,6,0
B01CRFO2D6,P&J Trading Fragrance Oil for Diffusers for Home - Smores 10ml Fragrance Scents for Candle Making - Soap Making Supplies & Car Diffuser Scents,FR10SMO,17,21,0.7059,2,0,9.98,0,2,0
B01D0MWU5C,"P&J Trading Fragrance Oil | Candy Cane Oil 30ml - Candle Scents for Candle Making, Freshie Scents, Soap Making Supplies, Diffuser Oil Scents",FR30CDYFBA,79,90,0.9655,7,0,62.93,0,7,0
B01DMPILKK,"P&J Trading - Caramel Corn Scented Oil 30ml - Fragrance Oil for Candle Making, Soap Making, Diffuser Oil",FR30CARSL,110,122,0.9587,11,0,98.89,0,11,0
B01DMQ4M0W,"P&J Trading - Cotton Candy Scented Oil 30ml - Fragrance Oil for Candle Making, Soap Making, Diffuser Oil",FR30CTTFBA,825,1053,0.9848,219,14,1966.29,123.34,213,12
B01DMQEF0E,"P&J Trading Fragrance Oil | French Vanilla Oil 30ml - Candle Scents for Candle Making, Freshie Scents, Soap Making Supplies, Diffuser Oil Scents",FR30FVAFBA,232,286,0.9964,63,0,547.3,0,58,0
B01DMR7TG0,"P&J Trading - Orchid Scented Oil 30ml - Fragrance Oil for Candle Making, Diffuser, Soap, Perfume, Bath & Body",R30OCHSL,21,24,0.9091,9,1,80.73,8.81,9,1
B01DMRH2QW,"P&J Trading - Root Beer Scented Oil 30ml - Fragrance Oil for Candle Making, Soap Making, Diffuser Oil",FR30ROO,68,84,1,1,0,8.99,0,1,0
B01DMRH2QW,"P&J Trading - Root Beer Scented Oil 30ml - Fragrance Oil for Candle Making, Soap Making, Diffuser Oil",FR30ROOSL,68,84,1,21,0,188.79,0,21,0
B01DMRPRNM,"P&J Trading Fragrance | Smores Oil 30ml - Candle Scents for Candle Making, Freshie Scent, Soap Making Supplies, Diffuser Oil Scents",FR30SMOSL,64,71,0.9851,21,0,188.79,0,21,0
B01F7MDJ0I,"P&J Trading Fragrance Oil | Grapefruit Oil 100ml - Candle Scents for Candle Making, Freshie Scents, Soap Making Supplies, Diffuser Oil Scents",FR100GRAFBA,195,249,1,49,1,928.17,18.57,42,1
B01F7MDJ26,"P&J Trading - Almond Scented Oil 100ml - Fragrance Oil for Candle Making, Soap Making, Diffuser Oils",FR100ALMFBA,224,294,1,67,0,1250.7,0,63,0
B01F7MDK3E,"P&J Trading Fragrance Oil | Harvest Spice Oil 100ml - Candle Scents for Candle Making, Freshie Scents, Soap Making Supplies, Diffuser Oil Scents",FR100HASFBA,210,263,0.9872,47,1,851.44,18.57,46,1
B01F7MDKGQ,"P&J Trading Fragrance Oil | Amber Oil 100ml - Candle Scents for Candle Making, Freshie Scents, Soap Making Supplies, Diffuser Oil Scents",FR100AME,1786,2169,0.9657,1,0,18.95,0,1,0
B01F7MDKGQ,"P&J Trading Fragrance Oil | Amber Oil 100ml - Candle Scents for Candle Making, Freshie Scents, Soap Making Supplies, Diffuser Oil Scents",FR100AMEFBA,1786,2169,0.9657,347,18,6480,329.72,319,18
B01F7MDLEM,"P&J Trading - Ambrosia Scented Oil 100ml - Fragrance Oil for Candle Making, Soap Making, Diffuser Oil",FR100AMBFBA,62,70,1,6,2,112.94,37.14,5,1
B01F7MDLZQ,"P&J Trading Fragrance Oil | Jasmine Oil 100ml - Candle Scents for Candle Making, Freshie Scents, Soap Making Supplies, Diffuser Oil Scents",FR100JASFBA,520,669,0.9952,174,7,3213.59,127.53,165,7
B01F7MDMCI,"P&J Fragrance Oil | Apple Oil 100ml - Candle Scents for Candle Making, Freshie Scents, Soap Making Supplies, Diffuser Oil Scents",FR100APPFBA,507,576,0.9909,84,7,1574.42,126.63,77,2
B01F7MDMXM,"P&J Trading Fragrance Oil | Lavender Oil 100ml - Candle Scents for Candle Making, Freshie Scents, Soap Making Supplies, Diffuser Oil Scents",FR100LAVFBA,633,795,1,209,12,3872,220.38,198,12
B01F7MDNHC,"P&J Trading - Apple Cider Scented Oil 100ml - Fragrance Oil for Candle Making, Soap Making, Diffuser Oil",FR100APCFBA,365,426,0.9853,50,1,938.6,18.57,45,1
B01F7MDNV8,"P&J Trading Fragrance Oil | Lemon Oil 100ml - Candle Scents for Candle Making, Freshie Scents, Soap Making Supplies, Diffuser Oil Scents",FR100LEMFBA,492,627,0.9966,179,10,3339.97,185.7,161,10
B01F7MDOEO,"P&J Trading - Apricot Scented Oil 100ml - Fragrance Oil for Candle Making, Soap Making, Diffuser Oil",FR100APRFBA,29,32,0.9355,4,0,75.8,0,3,0
B01F7MDPA2,"P&J Trading Fragrance Oil | Lily Oil 100ml - Candle Scents for Candle Making, Freshie Scents, Soap Making Supplies, Diffuser Oil Scents",FR100LIYFBA,151,179,1,37,0,701.15,0,18,0
B01F7MDPCK,"P&J Trading Fragrance Oil | Awapuhi & Seaberry Oil 100ml - Candle Scents for Candle Making, Freshie Scents, Soap Making Supplies, Diffuser Oil Scents",FR100AWS,39,50,1,1,0,0,0,1,0
B01F7MDPCK,"P&J Trading Fragrance Oil | Awapuhi & Seaberry Oil 100ml - Candle Scents for Candle Making, Freshie Scents, Soap Making Supplies, Diffuser Oil Scents",FR100AWSFBA,39,50,1,6,0,113.7,0,5,0
B01F7MDQ24,"P&J Trading Fragrance Oil | Mango Oil 100ml - Candle Scents for Candle Making, Freshie Scents, Soap Making Supplies, Diffuser Oil Scents",FR100MANFBA,186,234,0.9955,97,25,1726.8,412.59,71,6
B01F7MDQ56,"P&J Trading Fragrance Oil | Azalea Oil 100ml - Candle Scents for Candle Making, Freshie Scents, Soap Making Supplies, Diffuser Oil Scents",FR100AZAFBA,88,102,0.9898,5,0,75.8,0,5,0
B01F7MDQUG,"P&J Trading Fragrance Oil | Ocean Breeze Oil 100ml - Candle Scents for Candle Making, Freshie Scents, Soap Making Supplies, Diffuser Oil Scents",FR100OCB,911,1196,1,1,0,18.95,0,1,0
B01F7MDQUG,"P&J Trading Fragrance Oil | Ocean Breeze Oil 100ml - Candle Scents for Candle Making, Freshie Scents, Soap Making Supplies, Diffuser Oil Scents",FR100OCBFBA,911,1196,1,245,13,4517.83,241.79,217,12
B01F7MDQW4,"P&J Trading - Bamboo Scented Oil 100ml - Fragrance Oil for Candle Making, Soap Making, Diffuser Oil",FR100BAMFBA,551,682,0.9923,195,9,3610.23,162.21,173,9
B01F7MDRMS,"P&J Trading Fragrance Oil | Orange Oil 100ml - Candle Scents for Candle Making, Freshie Scents, Soap Making Supplies, Diffuser Oil Scents",FR100ORAFBA,267,318,1,82,4,1529.66,74.28,80,4
B01F7MDRQO,"P&J Trading - Banana Scented Oil 100ml - Fragrance Oil for Candle Making, Soap Making, Diffuser Oil",FR100BANFBA,447,525,0.992,42,0,765.59,0,41,0
B01F7MDS9K,"P&J Trading - Orchid Scented Oil 100ml - Fragrance Oil for Candle Making, Soap Making, Diffuser Oil",FR100OCHFBA,176,222,1,36,5,663.26,92.85,34,3
B01F7MDT26,"P&J Trading Passion Fruit Fragrance Oil, 100ml - Essential Oil for Candle Making, Diffuser, Soap, Perfume, Bath & Body",FR100PAFFBA,166,211,1,42,6,793.62,111.42,38,5
B01F7MDT76,"P&J Fragrance Oil | Bay Rum Oil 100ml - Candle for Candle Making, Freshie Scents, Soap Making Supplies, Diffuser Oil Scents",FR100BARFBA,441,506,0.9877,88,6,1639.76,111.42,85,6
B01F7MDTVM,"P&J Trading Fragrance Oil | Patchouli Oil 100ml - Candle Scents for Candle Making, Freshie Scents, Soap Making Supplies, Diffuser Oil Scents",FR100PATFBA,89,102,1,24,1,454.42,18.57,24,1
B01F7MDU4I,"P&J Trading Fragrance Oil | Blueberry Oil 100ml - Candle Scents for Candle Making, Freshie Scents, Soap Making Supplies, Diffuser Oil Scents",FR100BLUFBA,325,406,0.9922,53,5,966.46,92.85,53,5
B01F7MDUM0,"P&J Fragrance Oil | Peach Oil 100ml - Candle Scents for Candle Making, Freshie Scent, Soap Making Supplies, Diffuser Oil Scents",FR100PECFBA,224,274,1,77,3,1436.05,53.63,69,3
B01F7MDUT8,"P&J Trading - Brown Sugar Scented Oil 100ml - Fragrance Oil for Candle Making, Soap Making, Diffuser Oil",FR100BRSFBA,594,683,0.9985,110,5,2012.91,90.39,105,5
B01F7MDVD8,"P&J Fragrance Oil | Pear Oil 100ml - Candle Scents for Candle Making, Freshie Scents, Soap Making Supplies, Diffuser Oil Scents",FR100PEAFBA,75,86,1,34,3,643.16,55.71,32,3
B01F7MDVPQ,"P&J Trading - Bubble Gum Scented Oil 100ml - Fragrance Oil for Candle Making, Soap Making, Diffuser Oil",FR100BUGFBA,388,454,0.9842,67,7,1239.52,129.99,60,6
B01F7MDW3C,"P&J Fragrance Oil | Peppermint Oil 100ml - Candle Scents for Candle Making, Freshie Scents, Soap Making Supplies, Diffuser Oil Scents",FR100PEP,77,96,0.9885,21,2,397.19,37.14,21,2
B01F7MDWB4,"P&J Trading - Candy Cane Scented Oil 100ml - Fragrance Oil for Candle Making, Soap Making, Diffuser Oil",FR100CDYFBA,114,126,0.9839,10,0,186.66,0,10,0
B01F7MDWNC,"P&J Fragrance Oil - Pina Colada Scented Candle Making Oil, 100ml",FR100PICFFBA,368,452,0.9976,100,13,1853,235.59,91,7
B01F7MDWYG,"P&J Trading - Candy Corn Scented Oil 100ml - Fragrance Oil for Candle Making, Soap Making, Diffuser Oil",FR100CACFBA,67,86,1,6,2,112.94,37.14,6,2
B01F7MDXCW,"P&J Fragrance Oil | Pineapple Oil 100ml - Candle Scents for Candle Making, Freshie Scent, Soap Making Supplies, Diffuser Oil Scents",FR100PINFBA,240,321,1,101,18,1843.48,329.34,83,11
B01F7MDXP4,"P&J Trading - Caramel Corn Scented Oil 100ml - Fragrance Oil for Candle Making, Soap Making, Diffuser Oil",FR100CARFBA,105,146,0.9852,41,23,764.85,423.75,23,6
B01F7MDXZY,"P&J Trading Fragrance Oil | Plumeria Oil 100ml - Candle Scents for Candle Making, Freshie Scents, Soap Making Supplies, Diffuser Oil Scents",FR100PLU,535,701,0.9985,3,0,56.85,0,3,0
B01F7MDXZY,"P&J Trading Fragrance Oil | Plumeria Oil 100ml - Candle Scents for Candle Making, Freshie Scents, Soap Making Supplies, Diffuser Oil Scents",FR100PLUFBA,535,701,0.9985,154,17,2852.06,312.71,130,10
B01F7MDYGM,"P&J Trading - Chocolate Mint Scented Oil 100ml - Fragrance Oil for Candle Making, Soap Making, Diffuser Oil",FR100CHMFBA,52,67,0.9683,9,0,170.55,0,9,0
B01F7MDYL2,"P&J Trading Fragrance Oil | Pomegranate Oil 100ml - Candle Scents for Candle Making, Freshie Scents, Soap Making Supplies, Diffuser Oil Scents",FR100POMFBA,215,264,0.9959,74,9,1379,167.13,64,4
B01F7MDZ34,"P&J Trading - Christmas Wreath Scented Oil 100ml - Fragrance Oil for Candle Making, Soap Making, Diffuser Oil",FR100CHWFBA,193,214,0.9904,44,0,796.88,0,41,0
B01F7MDZ66,"P&J Fragrance Oil Pumpkin Pie 100ml - Candle Scents, Soap Scents, Diffuser Oil Scents",FR100PUP,202,257,0.9914,1,0,18.95,0,1,0
B01F7MDZ66,"P&J Fragrance Oil Pumpkin Pie 100ml - Candle Scents, Soap Scents, Diffuser Oil Scents",FR100PUPFBA,202,257,0.9914,67,2,1240.87,37.52,65,2
B01F7MDZPW,"P&J Trading - Cinnamon Scented Oil 100ml - Fragrance Oil for Candle Making, Soap Making, Diffuser Oil",FR100CINFBA,400,480,0.9892,112,3,2071.07,55.71,105,3
B01F7MDZTI,"P&J Trading - Rain Scented Oil 100ml - Fragrance Oil for Candle Making, Soap Making, Diffuser Oil",FR100RAIFBA,562,692,0.9892,115,6,2113.34,109.34,105,6
B01F7ME09M,"P&J Trading Fragrance Oil | Coconut Oil 100ml - Candle Scents for Candle Making, Freshie Scents, Soap Making Supplies, Diffuser Oil Scents",FR100COCFBA,591,717,0.9957,179,13,3355.87,241.41,162,10
B01F7ME0GA,"P&J Trading - Root Beer Scented Oil 100ml - Fragrance Oil for Candle Making, Soap Making, Diffuser Oil",FR100ROOFBA,50,52,1,24,0,443.44,0,20,0
B01F7ME0YW,"P&J Trading - Coffee Cake Scented Oil 100ml - Fragrance Oil for Candle Making, Soap Making, Diffuser Oil",FR100COFFBA,79,99,0.989,15,0,284.25,0,15,0
B01F7ME14Q,"P&J Fragrance Oil - Rose 100ml - Candle Scents, Soap Scents, Diffuser Oil, Aromatherapy",FR100ROSFBA,1049,1381,0.9808,322,21,6090.96,389.97,290,20
B01F7ME1KU,P&J Fragrance Oil - Cotton Candy Scented Candle 100ml,FR100CTTFBA,518,668,0.9984,139,19,2592.75,352.83,122,16
B01F7ME1L4,"P&J Fragrance Oil - Sandalwood 100ml - Candle Scents, Soap Making, Diffuser Oil, Body Care",FR100SANFBA,981,1237,0.9907,298,15,5556.58,276.09,262,14
B01F7ME1VO,"P&J Trading Fragrance Oil | Cranberry Oil 100ml - Candle Scents for Candle Making, Freshie Scents, Soap Making Supplies, Diffuser Oil Scents",FR100CRAFBA,174,195,0.9948,34,3,626.12,55.71,29,3
B01F7ME1X2,"P&J Fragrance Oil - Smores Oil 100ml - Candle Scents, Soap Making, Diffuser Oil, Essential Oil",FR100SMO,178,219,1,1,0,18.95,0,1,0
B01F7ME1X2,"P&J Fragrance Oil - Smores Oil 100ml - Candle Scents, Soap Making, Diffuser Oil, Essential Oil",FR100SMOFBA,178,219,1,21,1,378.62,18.57,19,1
B01F7ME2FY,"P&J Trading - Cucumber Melon Scented Oil 100ml - Fragrance Oil for Candle Making, Soap Making, Diffuser Oil",FR100CCMFBA,283,362,1,108,8,2001.34,148.94,100,8
B01F7ME2IQ,"P&J Fragrance Oil Snickerdoodle 100ml - Candle Scents, Soap Making, Diffuser Oil, Fresh Scents",FR100SNI,132,162,1,1,0,18.95,0,1,0
B01F7ME2IQ,"P&J Fragrance Oil Snickerdoodle 100ml - Candle Scents, Soap Making, Diffuser Oil, Fresh Scents",FR100SNIFBA,132,162,1,39,0,697.38,0,37,0
B01F7ME2WW,"P&J Trading Fragrance Oil | Strawberry Oil 100ml - Candle Scents for Candle Making, Freshie Scents, Soap Making Supplies, Diffuser Oil Scents",FR100STRFBA,428,557,0.9961,113,8,2046.83,148.94,100,7
B01F7ME2X6,"P&J Fragrance Oil - Cupcake Scent, 100ml",FR100CUPFBA,221,271,0.996,39,1,730.15,18.57,34,1
B01F7ME3F8,"P&J Fragrance Oil - Sugar Cookie Scent, 100ml",FR100SUG,398,505,0.9936,1,0,18.95,0,1,0
B01F7ME3F8,"P&J Fragrance Oil - Sugar Cookie Scent, 100ml",FR100SUGFBA,398,505,0.9936,103,8,1912.27,148.94,93,5
B01F7ME3FI,"P&J Fragrance Oil - Eucalyptus Scented Candles, Soaps, Diffusers, and More - 100ml",FR100EUCFBA,265,319,0.9966,70,4,1324.98,74.28,68,4
B01F7ME3W6,"P&J Trading Fragrance Oil | Sweet Pea Oil 100ml - Candle Scents for Candle Making, Freshie Scents, Soap Making Supplies, Diffuser Oil Scents",FR100SWPFBA,268,331,1,89,5,1631.62,92.85,82,4
B01F7ME3XU,"P&J Trading - Forest Pine Scented Oil 100ml - Fragrance Oil for Candle Making, Soap Making, Diffuser Oil",FR100FOPFBA,834,1001,0.9958,217,12,4039.43,222.84,205,12
B01F7ME4EI,"P&J Fragrance Oil - Vanilla 100ml - Candle Scents, Soap Making, Diffuser Oil, Fresh Scents",FR100VANFBA,1016,1290,0.9992,295,22,5481.34,403.62,258,22
B01F7ME4FM,"P&J Trading Fragrance Oil | Freesia Oil 100ml - Candle Scents for Candle Making, Freshie Scents, Soap Making Supplies, Diffuser Oil Scents",FR100FREFBA,50,58,0.9821,20,3,379,56.85,20,3
B01F7ME4UW,"P&J Fragrance Oil - Violet Scent 100ml - Candle Scents, Soap Making, Diffuser Oil, Fresh Scents",FR100VIOFBA,94,123,0.9833,25,3,472.61,55.71,24,3
B01F7ME4WU,"P&J Trading Fragrance Oil | French Vanilla Oil 100ml - Candle Scents for Candle Making, Freshie Scents, Soap Making Supplies, Diffuser Oil Scents",FR100FVAFBA,272,321,0.9873,80,5,1494.6,90.39,63,5
B01F7ME58I,"P&J Trading - Winter Mint Scented Oil 100ml - Fragrance Oil for Candle Making, Soap Making, Diffuser Oil",FR100WIMFBA,72,88,0.988,14,1,262.08,18.57,13,1
B01F7ME5CO,"P&J Trading - Fresh Cotton Scented Oil 100ml - Fragrance Oil for Candle Making, Soap Making, Diffuser Oil",FR100FRCFBA,1726,2278,0.9933,549,10,10323.56,184.56,524,9
B01F7ME5YC,"P&J Trading Fragrance Oil | Ylang Ylang Oil 100ml - Candle Scents for Candle Making, Freshie Scents, Soap Making Supplies, Diffuser Oil Scents",FR100YLYFBA,95,106,0.98,32,6,604.12,111.42,26,3
B01F7ME61E,"P&J Trading - Fresh Cut Grass Scented Oil 100ml - Fragrance Oil for Candle Making, Soap Making, Diffuser Oil",FR100FCGFBA,372,456,0.9885,116,4,2177.73,74.28,110,3
B01F7ME6LE,"P&J Fragrance Oil Gardenia 100ml - Candle Scents, Soap Making, Diffuser Oil, Fresh Scent",FR100GARFBA,343,425,0.995,121,4,2219.45,74.28,102,4
B01F7ME768,"P&J Fragrance Oil - Gingerbread Scent, 100ml",FR100GINFBA,88,103,1,18,3,337.12,55.71,16,3
B01F7QX27E,"P&J Fragrance Oil - Lilac Oil 100ml - Candle Scents, Soap Making, Diffuser Oil, Fresh Scents",FR100LIL,597,787,0.9973,1,0,18.95,0,1,0
B01F7QX27E,"P&J Fragrance Oil - Lilac Oil 100ml - Candle Scents, Soap Making, Diffuser Oil, Fresh Scents",FR100LILFBA,597,787,0.9973,263,19,4879.12,356.63,229,8
B01L2GGBRQ,P&J Trading Fragrance Oil for Diffusers for Home - Orangesicle 10ml Fragrance Scents for Candle Making - Soap Making Supplies & Car Diffuser Scents,FR10OGC,18,20,1,6,0,29.94,0,6,0
B01LTEZ4T2,P&J Trading Fragrance Oil for Diffusers for Home - Berries & Cream 10ml Fragrance Scents for Candle Making - Soap Making Supplies & Car Diffuser Scents,FR10BCR,65,83,1,21,0,104.79,0,9,0
B01LWQ0X0N,"P&J Trading - Coconut Cream Pie Scented Oil 30ml - Fragrance Oil for Candle Making, Soap Making, Diffuser Oil",FR30CCRSL,32,33,1,15,1,134.67,8.81,15,1
B01LX1OWVG,"P&J Trading - Mistletoe Scented Oil 30ml - Fragrance Oil for Candle Making, Soap Making, Diffuser Oil",FR30MISSL,65,78,1,17,0,152.83,0,17,0
B01LXJDK7Q,P&J Trading Fragrance Oil for Diffusers for Home - Green Tea 10ml Fragrance Scents for Candle Making - Soap Making Supplies & Car Diffuser Scents,FR10GTE,26,37,1,5,0,24.95,0,5,0
B01LXO82DN,"P&J Trading Fragrance Oil | Berries & Cream Oil 30ml - Candle Scents for Candle Making, Freshie Scents, Soap Making Supplies, Diffuser Oil Scents",FR30BCRSL,347,398,0.9948,47,1,422.35,8.81,47,1
B01LXV4H43,P&J Trading Fragrance Oil for Diffusers for Home - Mistletoe 10ml Fragrance Scents for Candle Making - Soap Making Supplies & Car Diffuser Scents,FR10MIS,17,20,1,2,0,9.98,0,2,0
B01LXV4OE4,P&J Trading Fragrance Oil for Diffusers for Home - Peaches & Cream 10ml Fragrance Scents for Candle Making - Soap Making Supplies & Car Diffuser Scents,FR10PCR,37,44,1,10,1,49.8,4.89,10,1
B01LY0WASP,"P&J Trading - Peaches & Cream Scented Oil 30ml - Fragrance Oil for Candle Making, Soap Making, Diffuser Oil",FR30PCRSL,106,130,0.9921,25,1,224.57,8.81,25,1
B01LZAQK4V,"P&J Trading - Green Tea Scented Oil 30ml - Fragrance Oil for Candle Making, Soap Making, Diffuser Oil",FR30GTEFBA,255,345,0.9934,108,0,970.92,0,107,0
B01M054MKO,P&J Trading Fragrance Oil for Diffusers for Home - Autumn Wreath 10ml Fragrance Scents for Candle Making - Soap Making Supplies & Car Diffuser Scents,FR10AUW,21,26,1,4,0,19.96,0,4,0
B01M0JO5CA,P&J Trading Fragrance Oil for Diffusers for Home - Coconut Cream Pie 10ml Fragrance Scents for Candle Making - Soap Making Supplies & Car Diffuser Scents,FR10CCR,33,44,0.9722,4,0,19.96,0,4,0
B01M193921,"P&J Fragrance Oil - Orange Sicle Oil 30ml - Candle Scents, Soap Scents, Diffuser Oil, Fresh Scents",FR30OGCSL,94,112,1,34,1,305.48,8.81,32,1
B01M1LQVZR,P&J Fragrance Oil Autumn Wreath Scented Candle 30ml,FR30AUWSL,35,37,1,5,0,44.95,0,5,0
B01M26S6HF,"P&J Trading - Mistletoe Scented Oil 100ml - Fragrance Oil for Candle Making, Soap Making, Diffuser Oil",FR100MISFBA,77,87,1,8,0,151.6,0,8,0
B01M4LCGUT,"P&J Trading - Autumn Wreath Scented Oil 100ml - Fragrance Oil for Candle Making, Soap Making, Diffuser Oil",FR100AUWFBA,144,173,0.9937,33,4,623.83,74.28,31,4
B01M668O71,"P&J Fragrance Oil | Orangesicle Oil 100ml - Candle Scents for Candle Making, Freshie Scent, Soap Making Supplies, Diffuser Oil Scents",FR100OGCFBA,131,170,1,32,5,593.52,90.39,32,5
B01M8GPOI3,"P&J Fragrance Oil - Green Tea 100ml - Candle Scents, Soap Scents, Diffuser Oil, Fresh Scents",FR100GTEFBA,209,260,0.9875,80,11,1492.87,204.27,74,8
B01MA28QQX,"P&J Trading Fragrance Oil | Berries & Cream Oil 100ml - Candle Scents for Candle Making, Freshie Scents, Soap Making Supplies, Diffuser Oil Scents",FR100BCRFBA,409,443,1,50,9,923.68,163.77,44,4
B01MAZCGKQ,"P&J Fragrance Oil - Peaches & Cream Scented Candle, 100ml",FR100PCRFBA,191,244,0.9955,49,4,918.89,71.82,45,4
B01MCWEFZO,"P&J Trading - Coconut Cream Pie Scented Oil 100ml - Fragrance Oil for Candle Making, Soap Making, Diffuser Oil",FR100CCRFBA,255,287,1,29,0,541.03,0,28,0
B01MRRFEB6,"P&J Fragrance Oil Christmas Set | Christmas Wreath, Mistletoe, Candy Cane, Gingerbread, Cinnamon, and Cranberry Candle Scents, Freshie Scents, Candle/Soap Making Supplies",FR10CHSFBA,1481,1649,0.9963,34,2,551.82,31.09,33,2
B01MTUK80R,"P&J Trading Fragrance Oils for Diffusers for Home Sweet Set Fragrance Scents for Candle Making - Soap Making Supplies - Car Diffuser Scents - Essential Home Gift Set - Cotton Candy, Smores & More",FR10SWS,861,962,1,11,1,167.35,14.44,11,1
B01MU5FYUC,"P&J Trading Fragrance Oil Summer Set | Candle Scents for Candle Making, Freshie Scents, Soap Making Supplies, Diffuser Oil Scents",FR10SUS14FBA,2106,2729,0.9969,117,10,4124.21,347.63,116,9
B01MY2RYRZ,"P&J Trading Fragrance Oil Winter Set | Candle Scents for Candle Making, Freshie Scents, Soap Making Supplies, Diffuser Oil Scents",FR10WIS10FBA,699,819,0.9754,15,2,527.75,65.79,15,2
B01MYTO3T4,"P&J Fragrance Oil Holiday Set for Christmas Home Decor | Mistletoe, Candy Cane, Wintermint, Apple Cider, Cranberry, and Forest Pine Candle Scents for Candle Making, Soap Making, Diffuser Oil Scent",FR1OHOSFBA,1092,1192,1,16,1,261.64,14.44,16,1
B01MZ4LZB0,"P&J Trading Spring Set of 14 Fragrance Oils - Scents for Candle Making, Soap Making Supplies, Diffuser Oils",FR10SPS14FBA,1576,1975,0.9984,48,4,1707.27,136.25,47,3
B01N7MQ2G7,"P&J Trading Sweet Essential Oil - 14x10ml Set, Premium Fragrance Oils for Candle Making, Diffuser, Soap, Perfume, Bath & Body, Cruelty-Free",FR10SWS14,3955,5471,0.9977,1,1,35.23,35.23,1,1
B01N7MQ2G7,"P&J Trading Sweet Essential Oil - 14x10ml Set, Premium Fragrance Oils for Candle Making, Diffuser, Soap, Perfume, Bath & Body, Cruelty-Free",FR10SWS14FBA,3955,5471,0.9977,167,14,5994.29,493.94,162,14
B01NBP6E9F,"P&J Trading Fragrance Oil Autumn Set of 14 Fragrance Oils for Candle Making, Soap Making, Home Diffuser Oil",FR1OAUS14FBA,1578,2010,0.9948,51,2,1800.39,65.79,51,2
B06ZXXHDFD,P&J Trading Fragrance Oil for Diffusers for Home - Vetiver 10ml Fragrance Scents for Candle Making - Soap Making Supplies & Car Diffuser Scents,FR10VET,29,38,1,6,0,29.94,0,6,0
B06ZXXL6F3,"P&J Trading Fragrance Oil | Frankincense & Myrrh Oil 30ml - Candle Scents for Candle Making, Freshie Scents, Soap Making Supplies, Diffuser Oil Scents",FR30FMYFBA,189,227,0.9816,56,3,493.91,26.43,51,3
B06ZXXLGKV,"P&J Trading Fragrance Oil | Dirt Oil 100ml - Candle Scents for Candle Making, Freshie Scents, Soap Making Supplies, Diffuser Oil Scents",FR100DIRFBA,198,235,1,44,4,818.46,71.82,43,4
B06ZY6WPLV,P&J Trading Fragrance Oil for Diffusers for Home - Apple Pie 10ml Fragrance Scents for Candle Making - Soap Making Supplies & Car Diffuser Scents,FR10API,40,55,1,6,0,29.94,0,6,0
B06ZY6ZBV2,"P&J Trading Fragrance Oil | Campfire Oil 30ml - Candle Scents for Candle Making, Freshie Scents, Soap Making Supplies, Diffuser Oil Scents",FR30CAMSLP,475,588,0.9982,152,24,1338.96,188.24,122,4
B06ZY6ZJSB,"P&J Fragrance Oil - Red Poppy Oil 100ml - Candle Scents, Soap Making, Diffuser Oil, Fresh Scents",FR100REPFBA,45,53,0.98,9,0,170.55,0,9,0
B06ZY6ZP4F,"P&J Trading - Papaya Scented Oil 100ml - Fragrance Oil for Candle Making, Soap Making, Diffuser Oil",FR100PAYFBA,67,86,1,24,3,453.66,55.71,17,3
B06ZYHKH7S,"P&J Trading - White Tea Scented Oil 30ml - Fragrance Oil for Candle Making, Soap Making, Diffuser Oil",FR30WHTFBA,410,531,0.99,153,11,1353.36,76.78,145,9
B06ZYHKJ4Q,"P&J Fragrance Oil - Marshmallow Scent, 30ml",FR30MSH,1223,1591,0.9979,2,0,17.98,0,2,0
B06ZYHKJ4Q,"P&J Fragrance Oil - Marshmallow Scent, 30ml",FR30MSHSL,1223,1591,0.9979,328,7,2938.47,61.67,326,7
B06ZYHKRN8,"P&J Trading Fragrance | Lime Oil 100ml - Candle Scents for Candle Making, Freshie Scent, Soap Making Supplies, Diffuser Oil Scents",FR100LIMFBA,84,94,1,23,2,435.09,37.14,23,2
B06ZYHKTPR,"P&J Fragrance Oil | Clean & Fresh Oil 100ml - Candle Scents for Candle Making, Freshie, Soap Making Supplies, Diffuser Oil Scents",FR100CLFFBA,894,1045,0.9951,139,14,2583.15,254.16,129,9
B06ZYS3YYK,"P&J Fragrance Oil - Night Air 30ml - Candle Scents, Soap Making, Diffuser Oil, Fresh Scents",FR30NIASL,136,155,0.9869,24,0,215.76,0,24,0
B06ZYS49FF,"P&J Fragrance Oil | Wisteria Oil 30ml - Candle Scents for Candle Making, Freshie Scent, Soap Making Supplies, Diffuser Oil Scents",FR30WIT,120,151,0.993,1,1,8.81,8.81,1,1
B06ZYS49FF,"P&J Fragrance Oil | Wisteria Oil 30ml - Candle Scents for Candle Making, Freshie Scent, Soap Making Supplies, Diffuser Oil Scents",FR30WITSL,120,151,0.993,48,3,430.98,26.43,47,3
B06ZZ3373H,"P&J Trading - Primrose Scented Oil 30ml - Fragrance Oil for Candle Making, Soap Making, Diffuser Oil",FR30PRISL,19,26,0.9565,5,1,44.77,8.81,5,1
B06ZZCFCZD,P&J Trading Fragrance Oil for Diffusers for Home - Marshmallow 10ml Fragrance Scents for Candle Making - Soap Making Supplies & Car Diffuser Scents,FR10MSH,91,108,0.9899,19,0,94.81,0,18,0
B06ZZCJ2WD,"P&J Trading - Frankincense & Myrrh Scented Oil 100ml - Fragrance Oil for Candle Making, Soap Making, Diffuser Oil",FR100FMYFBA,459,593,0.9888,139,5,2632.15,92.85,133,5
B06ZZMSJ9Y,"P&J Trading Fragrance Oil | Lotus Blossom Oil 30ml - Candle Scents for Candle Making, Freshie Scents, Soap Making Supplies, Diffuser Oil Scents",FR30LOBSL,127,164,0.9868,34,1,305.48,8.81,34,1
B06ZZMZR44,P&J Trading Fragrance Oil for Diffusers for Home - Lotus Blossom 10ml Fragrance Scents for Candle Making - Soap Making Supplies & Car Diffuser Scents,FR10LOB,18,19,1,8,0,39.92,0,7,0
B06ZZMZRV1,P&J Trading Fragrance Oil for Diffusers for Home - Red Poppy 10ml Fragrance Scents for Candle Making - Soap Making Supplies & Car Diffuser Scents,FR10REP,14,15,0.9333,4,0,19.96,0,4,0
B06ZZMZS6M,P&J Trading Fragrance Oil for Diffusers for Home - Verbena 10ml Fragrance Scents for Candle Making - Soap Making Supplies & Car Diffuser Scents,FR10VBA,16,18,1,3,0,14.97,0,3,0
B06ZZN3718,"P&J Trading Fragrance Oil | Teakwood Oil 30ml - Candle Scents for Candle Making, Freshie Scents, Soap Making Supplies, Diffuser Oil Scents",FR30TEK,584,722,0.9872,1,0,8.99,0,1,0
B06ZZN3718,"P&J Trading Fragrance Oil | Teakwood Oil 30ml - Candle Scents for Candle Making, Freshie Scents, Soap Making Supplies, Diffuser Oil Scents",FR30TEKFBA,584,722,0.9872,255,5,2273.57,44.05,238,5
B06ZZN3CGL,"P&J Fragrance Oil - Fresh Cut Wood 30ml - Candle Scents, Soap Making, Diffuser Oil, Perfume Making Supplies",FR30FTWSL,45,52,1,12,0,107.88,0,12,0
B06ZZN3CV2,"P&J Trading - Magnolia Scented Oil 30ml - Fragrance Oil for Candle Making, Soap Making, Diffuser Oil",FR30MAGSL,193,248,0.9908,84,4,754.44,35.24,81,4
B06ZZN3CV8,"P&J Trading Fragrance Oil | Peony Oil 30ml - Candle Scents for Candle Making, Freshie Scents, Soap Making Supplies, Diffuser Oil Scents",FR30PEOFBASL,53,59,0.9818,25,2,224.39,17.62,25,2
B06ZZX23ZL,"P&J Trading Fragrance Oil | Clean & Fresh Oil 30ml - Candle Scents for Candle Making, Freshie Scents, Soap Making Supplies, Diffuser Oil Scents",FR30CLFSL,377,466,0.9953,97,2,871.67,17.62,96,2
B06ZZX2GBC,"P&J Trading Fragrance Oil | Verbena Oil 30ml - Candle Scents for Candle Making, Freshie Scents, Soap Making Supplies, Diffuser Oil Scents",FR30VBASL,45,59,0.98,13,1,116.69,8.81,12,1
B06ZZXJK21,"P&J Trading - Chocolate Chip Cookie Scented Oil 30ml - Fragrance Oil for Candle Making, Soap Making, Diffuser Oil",FR30CCKSL,205,252,0.9957,33,1,294.15,6.47,33,1
B06ZZXJPWS,"P&J Fragrance Oil - Apple Pie Scented Candle, 30ml",FR30APISL,224,247,0.9878,19,0,170.81,0,19,0
B07119SR1K,"P&J Fragrance Oil Halloween Set | Autumn Wreath, Pumpkin Pie, Candy Corn, Marshmallow, Night Air, and Caramel Corn Candle Freshie Scent for Candle Making, Soap Making Supplies",FR10HWSFBA,1617,1859,0.9478,63,1,1039.77,14.44,62,1
B071CL456F,"P&J Trading - Pecan Pie Scented Oil 100ml - Fragrance Oil for Candle Making, Soap Making, Diffuser Oil",FR100PPIFBA,65,77,0.9722,18,4,339.58,74.28,16,3
B071CL4NTT,"P&J Trading - Red Poppy Scented Oil 30ml - Fragrance Oil for Candle Making, Soap Making, Diffuser Oil",FR30REPSL,26,37,0.9697,11,1,98.71,8.81,11,1
B071CL4X4V,"P&J Trading Fragrance Oil | Peony Oil 100ml - Candle Scents for Candle Making, Freshie Scents, Soap Making Supplies, Diffuser Oil Scents",FR100PEOFBA,616,802,0.9919,179,12,3387.49,222.84,166,11
B071CVL74C,P&J Trading Fragrance Oil for Diffusers for Home - Fresh Cut Wood 10ml Fragrance Scents for Candle Making - Soap Making Supplies & Car Diffuser Scents,FR10FTW,26,33,1,4,0,19.96,0,4,0
B071CVNYCW,"P&J Trading - Wisteria Scented Oil 100ml - Fragrance Oil for Candle Making, Soap Making, Diffuser Oil",FR100WITFBA,92,114,1,20,0,379,0,20,0
B071D52TXP,P&J Trading Fragrance Oil for Diffusers for Home - Pecan Pie 10ml Fragrance Scents for Candle Making - Soap Making Supplies & Car Diffuser Scents,FR10PPI,8,8,1,1,0,4.99,0,1,0
B071D54PLV,"P&J Trading Fragrance Oil | Primrose Oil 100ml - Candle Scents for Candle Making, Freshie Scents, Soap Making Supplies, Diffuser Oil Scents",FR100PRIFBA,48,59,1,4,0,75.8,0,4,0
B071DFLN49,P&J Trading Fragrance Oil for Diffusers for Home - Campfire 10ml Fragrance Scents for Candle Making - Soap Making Supplies & Car Diffuser Scents,FR10CAM,127,148,0.9932,13,0,64.87,0,11,0
B071DFNX7Z,"P&J Trading - Papaya Scented Oil 30ml - Fragrance Oil for Candle Making, Soap Making, Diffuser Oil",FR30PAY,48,64,1,1,0,8.99,0,1,0
B071DFNX7Z,"P&J Trading - Papaya Scented Oil 30ml - Fragrance Oil for Candle Making, Soap Making, Diffuser Oil",FR30PAYSL,48,64,1,15,1,132.84,6.98,15,1
B071DFPN1B,"P&J Trading Fragrance Oil | Dirt Oil 30ml - Candle Scents for Candle Making, Freshie Scents, Soap Making Supplies, Diffuser Oil Scents",FR30DIRSL,69,87,1,14,1,125.68,8.81,14,1
B071DFPPCB,"P&J Trading - Chocolate Chip Cookie Scented Oil 100ml - Fragrance Oil for Candle Making, Soap Making, Diffuser Oil",FR100CCKFBA,210,236,0.9957,23,1,402.32,18.57,23,1
B071DFPTMX,"P&J Trading - Leather Scented Oil 100ml - Fragrance Oil for Candle Making, Soap Making, Diffuser Oil",FR100LEAFBA,1390,1835,0.9947,425,13,7880.65,241.41,393,13
B071DFPY7L,"P&J Trading Fragrance Oil | Campfire Oil 100ml - Candle Scents for Candle Making, Freshie Scents, Soap Making Supplies, Diffuser Oil Scents",FR100CAMFBA,457,551,1,85,3,1595.41,55.71,71,3
B071DFPY7M,"P&J Trading - White Tea Scented Oil 100ml - Fragrance Oil for Candle Making, Soap Making, Diffuser Oil",FR100WHTFBA,400,529,0.9854,115,4,2178.11,74.66,109,4
B071DT3WHS,"P&J Trading Fragrance Oil Camping Set | Campfire, Smores, Dirt, Fresh Cut Wood, Night Air, and Cedar Candle Scents for Candle Making, Freshie Scent, Soap Making Supplies, Diffuser Oil Scents",FR10CASFBA,2780,3396,0.9966,179,17,2986.47,279.99,171,14
B071R37873,P&J Trading Fragrance Oil for Diffusers for Home - Night Air 10ml Fragrance Scents for Candle Making - Soap Making Supplies & Car Diffuser Scents,FR10NIA,47,59,0.9821,16,0,79.84,0,16,0
B071R3B2FW,"P&J Trading Fragrance Oil | Vetiver Oil 30ml - Candle Scents for Candle Making, Freshie Scents, Soap Making Supplies, Diffuser Oil Scents",FR30VETSL,148,199,0.9942,57,3,511.89,26.43,57,3
B071RCR3Y5,P&J Trading Fragrance Oil for Diffusers for Home - Lime 10ml Fragrance Scents for Candle Making - Soap Making Supplies & Car Diffuser Scents,FR10LIM,24,32,1,7,2,34.73,9.78,7,2
B071RCTCNY,"P&J Trading Fragrance | Verbena Oil 100ml - Candle Scents for Candle Making, Freshie Scent, Soap Making Supplies, Diffuser Oil Scents",FR100VBAFBA,135,173,0.9817,26,0,492.7,0,24,0
B071RCTS42,"P&J Trading Fragrance Oil | Apple Pie Oil 100ml - Candle Scents for Candle Making, Freshie Scents, Soap Making Supplies, Diffuser Oil Scents",FR100APIFBA,389,472,0.9908,79,6,1494.77,111.42,71,5
B071RCTXXT,"P&J Fragrance Oil | Magnolia Oil 100ml - Candle Scents for Candle Making, Freshie, Soap Making Supplies, Diffuser Oil Scents",FR100MAGFBA,307,370,0.9854,67,3,1268.51,55.71,60,3
B071RCTXXV,"P&J Trading Fragrance Oil | Night Air Oil 100ml - Candle Scents for Candle Making, Freshie Scents, Soap Making Supplies, Diffuser Oil Scents",FR100NIAFBA,632,812,0.9932,66,5,1245.84,92.85,63,5
B071XTXZCX,P&J Trading Fragrance Oil for Diffusers for Home - Dirt 10ml Fragrance Scents for Candle Making - Soap Making Supplies & Car Diffuser Scents,FR10DIR,56,68,1,16,0,79.84,0,16,0
B071XTY3JZ,P&J Trading Fragrance Oil for Diffusers for Home - Wisteria 10ml Fragrance Scents for Candle Making - Soap Making Supplies & Car Diffuser Scents,FR10WIT,32,39,1,5,0,24.95,0,5,0
B071XV1G7R,"P&J Trading Fragrance Oil | Lime Oil 30ml - Candle Scents for Candle Making, Freshie Scents, Soap Making Supplies, Diffuser Oil Scents",FR30LIMSL,73,98,1,40,2,355.58,13.96,39,1
B071Y48WPC,P&J Trading Fragrance Oil for Diffusers for Home - White Tea 10ml Fragrance Scents for Candle Making - Soap Making Supplies & Car Diffuser Scents,FR10WHT,22,32,0.9643,4,0,19.96,0,4,0
B071Y4966Y,P&J Trading Fragrance Oil for Diffusers for Home - Peony 10ml Fragrance Scents for Candle Making - Soap Making Supplies & Car Diffuser Scents,FR10PEO,44,49,0.9375,16,0,79.84,0,14,0
B071Y497KT,P&J Trading Fragrance Oil for Diffusers for Home - Papaya 10ml Fragrance Scents for Candle Making - Soap Making Supplies & Car Diffuser Scents,FR10PAY,14,18,0.9333,1,0,4.99,0,1,0
B071Y4CJ9T,"P&J Fragrance Oil - Vetiver 100ml - Candle Scents, Soap Making, Diffuser Oil, Fresh Scents",FR100VETFBA,182,222,1,30,2,568.12,37.52,29,2
B071Y4CM3D,"P&J Trading - Leather Scented Oil 30ml - Fragrance Oil for Candle Making, Soap Making, Diffuser Oil",FR30LEAFBASL,1029,1321,0.9911,435,7,3900.58,61.85,426,6
B071Y4CTKC,"P&J Trading - Pecan Pie Scented Oil 30ml - Fragrance Oil for Candle Making, Soap Making, Diffuser Oil",FR30PPISL,33,35,1,4,0,35.96,0,4,0
B071Y4CTKH,"P&J Trading - Fig Scented Oil 30ml - Fragrance Oil for Candle Making, Soap Making, Diffuser Oil",FR30FIGFBASL,54,71,0.9841,18,0,161.82,0,17,0
B071Y4CWWB,"P&J Trading - Lotus Blossom Scented Oil 100ml - Fragrance Oil for Candle Making, Soap Making, Diffuser Oil",FR100LOBFBA,223,267,0.9684,45,3,834.57,55.71,43,3
B071YDT35M,P&J Trading Fragrance Oil for Diffusers for Home - Magnolia 10ml Fragrance Scents for Candle Making - Soap Making Supplies & Car Diffuser Scents,FR10MAG,20,23,1,2,0,9.98,0,2,0
B071YDT456,P&J Trading Fragrance Oil for Diffusers for Home - Fig 10ml Fragrance Scents for Candle Making - Soap Making Supplies & Car Diffuser Scents,FR10FIG,55,71,0.9851,15,0,74.85,0,15,0
B071YDT52H,P&J Trading Fragrance Oil for Diffusers for Home - Cedar 10ml Fragrance Scents for Candle Making - Soap Making Supplies & Car Diffuser Scents,FR10CED,32,41,0.9459,5,0,24.95,0,5,0
B071YSBQXP,"P&J Trading Fragrance Oil Woodshop Set | Forest Pine, Fresh Cut Wood, Leather, Teakwood, Bamboo, and Cedar Candle Scents for Candle Making, Freshie Scent, Soap Making Supplies, Diffuser Oil Scents",FR10WOSFBA,130,146,0.0219,1,1,16.65,16.65,1,1
B07227G4XM,"P&J Trading Fresh Cut Wood Essential Oil, 100ml - Candle Making, Diffuser, Soap, Perfume, Aromatherapy",FR100FTWFBA,70,81,1,23,0,435.85,0,23,0
B07227RZ44,P&J Trading Fragrance Oil for Diffusers for Home - Frankincense & Myrrh 10ml Fragrance Scents for Candle Making - Soap Making Supplies & Car Diffuser Scents,FR10FMY,30,43,1,5,0,24.95,0,4,0
B07227V7M5,"P&J Fragrance Oil - Marshmallow Scented Candle, 100ml",FR100MSHFBA,659,832,1,114,13,2112.76,241.41,111,13
B07227ZRZR,P&J Trading Fragrance Oil for Diffusers for Home - Teakwood 10ml Fragrance Scents for Candle Making - Soap Making Supplies & Car Diffuser Scents,FR10TEK,31,34,0.9688,5,0,24.95,0,5,0
B072281BW1,P&J Trading Fragrance Oil for Diffusers for Home - Leather 10ml Fragrance Scents for Candle Making - Soap Making Supplies & Car Diffuser Scents,FR10LEA,73,92,0.9579,37,0,184.63,0,32,0
B072281LBW,"P&J Fragrance Oil - Teakwood 100ml - Candle Scents, Soap Scents, Diffuser Oil Scents",FR100TEKFBA,2132,2697,0.9878,586,26,10914.43,482.82,531,21
B07228J93M,P&J Trading Fragrance Oil for Diffusers for Home - Clean & Fresh 10ml Fragrance Scents for Candle Making - Soap Making Supplies & Car Diffuser Scents,FR10CLF,46,60,0.9811,11,0,54.89,0,11,0
B07228VJ26,"P&J Trading - Fig Scented Oil 100ml - Fragrance Oil for Candle Making, Soap Making, Diffuser Oil",FR100FIGFBA,242,314,0.9863,58,0,1068.79,0,52,0
B072DYHGJF,P&J Trading Fragrance Oils for Diffusers for Home Cookies & Cakes Set Fragrance Scents for Candle Making - Soap Making - Car Diffuser Scents - Essential Home Gift Set - Sugar Cookie & More,FR10CCSFBA,3016,3823,0.9887,162,11,2854.08,191.59,162,11
B072L6QVWC,"P&J Fragrance Oil Far East Set | Ylang Ylang, Green Tea, Lotus Blossom, Orchid, Bamboo, and Peony Candle Scents for Candle Making, Freshie Scent, Soap Making Supplies, Diffuser Oil Scents",FR10FESFBA,718,799,0.005,2,2,33.3,33.3,2,2
B0757SR4N9,"P&J Trading - Raspberry Scented Oil 100ml - Fragrance Oil for Candle Making, Soap Making, Diffuser Oil",FR100RASFBA,346,460,0.9952,111,10,2089.05,186.46,100,6
B0757X2TG5,"P&J Trading - Rosemary Scented Oil 30ml - Fragrance Oil for Candle Making, Soap Making, Diffuser Oil",FR30RMYSL,69,81,0.9744,21,4,179.08,35.24,20,4
B0757YRS6Y,"P&J Fragrance Oil - Thyme 30ml - Candle Scents, Soap Making, Diffuser Oil, Fresh Scents",FR30THYSL,17,20,1,8,1,69.91,6.98,8,1
B0757Z241G,"P&J Trading - Pearberry Scented Oil 100ml - Fragrance Oil for Candle Making, Soap Making, Diffuser Oil",FR100PBRFBA,132,164,0.9932,36,1,673.3,18.57,28,1
B075812L85,"P&J Fragrance Oil - Watermelon Scented Candle Making, Soap Making, Diffuser Oil, 100ml",FR100WATFBA,380,495,1,89,8,1646.59,148.56,83,6
B075813H8L,"P&J Trading - Jelly Bean Scented Oil 30ml - Fragrance Oil for Candle Making, Soap Making, Diffuser Oil",FR30JEBSL,31,33,0.9688,6,2,49.92,13.96,6,2
B07581GJ4Z,"P&J Trading - Candy Apple Scented Oil 100ml - Fragrance Oil for Candle Making, Soap Making, Diffuser Oil",FR100CAA,228,261,1,1,0,18.95,0,1,0
B07581GJ4Z,"P&J Trading - Candy Apple Scented Oil 100ml - Fragrance Oil for Candle Making, Soap Making, Diffuser Oil",FR100CAAFBA,228,261,1,10,0,178.14,0,9,0
B07581XC54,"P&J Trading - Pearberry Scented Oil 30ml - Fragrance Oil for Candle Making, Soap Making, Diffuser Oil",FR30PBRFBA,25,32,0.963,7,0,62.93,0,7,0
B075821TN1,"P&J Trading - Butterscotch Scented Oil 100ml - Fragrance Oil for Candle Making, Soap Making, Diffuser Oil",FR100BSCFBA,258,294,0.9964,41,4,761.23,74.28,41,4
B075822KYF,"P&J Trading Fragrance | Hot Chocolate Oil 100ml - Candle Scents for Candle Making, Freshie Scent, Soap Making Supplies, Diffuser Oil Scents",FR100HOCFBA,162,200,0.9946,41,2,764.83,37.14,35,2
B075824NMT,"P&J Fragrance Oil Butterscotch 30ml - Candle Scents, Soap Making, Diffuser Oil, Fresh Scents",FR30BSCSL,153,175,0.9827,41,8,352.51,55.84,40,7
B075824NMV,"P&J Trading - Jelly Bean Scented Oil 100ml - Fragrance Oil for Candle Making, Soap Making, Diffuser Oil",FR100JEBFBA,20,27,1,7,1,132.27,18.57,7,1
B07582BDKW,"P&J Trading - Black Licorice Scented Oil 100ml - Fragrance Oil for Candle Making, Soap Making, Diffuser Oil",FR100BLLFBA,56,65,1,21,0,379,0,19,0
B07582BNMV,"P&J Trading Fragrance | Watermelon Oil 30ml - Candle Scents for Candle Making, Freshie Scent, Soap Making Supplies, Diffuser Oil Scents",FR30WAT,171,208,0.9757,2,0,17.98,0,2,0
B07582BNMV,"P&J Trading Fragrance | Watermelon Oil 30ml - Candle Scents for Candle Making, Freshie Scent, Soap Making Supplies, Diffuser Oil Scents",FR30WATSL,171,208,0.9757,49,2,440.15,17.62,49,2
B07582HCXL,"P&J Trading Fragrance | Black Licorice Oil 30ml - Candle Scents for Candle Making, Freshie Scent, Soap Making Supplies, Diffuser Oil Scents",FR30BLLSL,14,17,1,5,1,44.77,8.81,5,1
B07582SRL4,"P&J Fragrance Oil - Raspberry Oil 30ml - Candle Scents, Soap Making, Diffuser Oil, Fresh Scents",FR30RASSL,78,97,0.9778,36,4,315.6,27.92,35,3
B075834YVG,"P&J Trading - Hot Chocolate Scented Oil 30ml - Fragrance Oil for Candle Making, Soap Making, Diffuser Oil",FR30HOCSL,159,224,0.995,65,3,583.81,26.43,64,3
B075838C7D,"P&J Fragrance Oil Candy Apple 30ml - Candle Scents, Soap Making, Diffuser Oil, Fresh Scents",FR30CAASL,46,50,1,14,1,123.85,6.98,14,1
B07584LZ3B,"P&J Trading - Thyme Scented Oil 100ml - Fragrance Oil for Candle Making, Soap Making, Diffuser Oil",FR100THYFBA,26,31,1,7,0,132.65,0,7,0
B07585NQ42,"P&J Fragrance Oil Rosemary 100ml - Candle Scents, Soap Making, Diffuser Oil, Fresh Scent",FR100RMY,36,44,0.9286,11,1,208.07,18.57,11,1
B0758HDBVR,P&J Trading Fragrance Oil for Diffusers for Home - Hot Chocolate 10ml Fragrance Scents for Candle Making - Soap Making Supplies & Car Diffuser Scents,FR10HOC,24,35,1,2,0,9.98,0,2,0
B0758HMZR5,P&J Trading Fragrance Oil for Diffusers for Home - Thyme 10ml Fragrance Scents for Candle Making - Soap Making Supplies & Car Diffuser Scents,FR10THY,6,6,1,1,0,4.99,0,1,0
B0758HT234,P&J Trading Fragrance Oil for Diffusers for Home - Jelly Bean 10ml Fragrance Scents for Candle Making - Soap Making Supplies & Car Diffuser Scents,FR10JEB,12,13,0.9231,2,0,9.98,0,2,0
B0758J1SHP,P&J Trading Fragrance Oil for Diffusers for Home - Raspberry 10ml Fragrance Scents for Candle Making - Soap Making Supplies & Car Diffuser Scents,FR10RAS,90,113,0.9714,19,0,94.81,0,19,0
B0758M7DJN,P&J Trading Fragrance Oil for Diffusers for Home - Pearberry 10ml Fragrance Scents for Candle Making - Soap Making Supplies & Car Diffuser Scents,FR10PBR,16,21,1,8,0,39.92,0,8,0
B0758TNNFC,"P&J Fragrance Oil Candy Apple 10ml - Candle Scents, Soap Making, Diffuser Oil, Fresh Scents",FR10CAA,35,43,1,5,0,24.95,0,2,0
B0758WW8LK,P&J Trading Fragrance Oil for Diffusers for Home - Watermelon 10ml Fragrance Scents for Candle Making - Soap Making Supplies & Car Diffuser Scents,FR10WAT,60,88,1,23,11,109.77,49.89,14,2
B0758X1JT4,P&J Trading Fragrance Oil for Diffusers for Home - Butterscotch 10ml Fragrance Scents for Candle Making - Soap Making Supplies & Car Diffuser Scents,FR10BSC,21,25,1,7,0,34.93,0,7,0
B0758YL5M3,P&J Trading Fragrance Oil for Diffusers for Home - Black Licorice 10ml Fragrance Scents for Candle Making - Soap Making Supplies & Car Diffuser Scents,FR10BLL,28,37,1,8,0,39.92,0,8,0
B07H3BCLZ8,P&J Trading Fragrance Oil for Diffusers for Home - Blueberry Muffin 10ml Fragrance Scents for Candle Making - Soap Making Supplies & Car Diffuser Scents,FR10BLM,28,41,1,6,0,29.94,0,5,0
B07H3BTHHH,P&J Trading Fragrance Oil for Diffusers for Home - Strawberry Shortcake 10ml Fragrance Scents for Candle Making - Soap Making Supplies & Car Diffuser Scents,FR10SSH,48,57,1,7,0,34.93,0,7,0
B07H3BZLY2,P&J Trading Fragrance Oil for Diffusers for Home - Maple Syrup 10ml Fragrance Scents for Candle Making - Soap Making Supplies & Car Diffuser Scents,FR10MAP,34,40,1,4,0,19.96,0,4,0
B07H3CCBHZ,P&J Trading Fragrance Oil for Diffusers for Home - Cola 10ml Fragrance Scents for Candle Making - Soap Making Supplies & Car Diffuser Scents,FR10COL,37,49,0.9767,5,0,24.95,0,5,0
B07H3CCVKL,P&J Trading Fragrance Oil for Diffusers for Home - Churro 10ml Fragrance Scents for Candle Making - Soap Making Supplies & Car Diffuser Scents,FR10CHU,27,35,0.9706,1,0,4.99,0,1,0
B07H3D3RYW,P&J Trading Fragrance Oil for Diffusers for Home - Coffee 10ml Fragrance Scents for Candle Making - Soap Making Supplies & Car Diffuser Scents,FR10CFF,39,50,1,16,0,79.84,0,13,0
B07H3D6J2K,P&J Trading Fragrance Oil for Diffusers for Home - Clove 10ml Fragrance Scents for Candle Making - Soap Making Supplies & Car Diffuser Scents,FR10CLO,42,45,0.8605,2,0,9.98,0,2,0
B07H3DRT1B,P&J Trading Fragrance Oil for Diffusers for Home - Red Cherry 10ml Fragrance Scents for Candle Making - Soap Making Supplies & Car Diffuser Scents,FR10REC,65,94,1,22,0,109.78,0,21,0
B07H3FFCGH,P&J Trading Fragrance Oil for Diffusers for Home - Chai Tea 10ml Fragrance Scents for Candle Making - Soap Making Supplies & Car Diffuser Scents,FR10CTE,19,22,0.6,5,0,24.95,0,5,0
B07H3FP1HG,P&J Trading Fragrance Oil for Diffusers for Home - Aloe 10ml Fragrance Scents for Candle Making - Soap Making Supplies & Car Diffuser Scents,FR10ALO,28,35,0.9063,11,0,54.89,0,10,0
B07HM82TDL,"P&J Trading Happy Set of 6 Fragrance Oils - Root Beer, Watermelon, Banana, Strawberry Lemonade, Orangesicle, Bubble Gum Scented Oils for Candle Scents, Soap Making, Diffuser Oil",FR10HYSFBA,15,19,0.8667,2,0,33.98,0,2,0
B07HM9J6LR,"P&J Trading Fragrance Oil Slime Set | Bubble Gum, Cotton Candy, Cupcake, Strawberry Lemonade, Cola, Marshmallow Candle Scents for Candle Making, Freshie Scents, Soap Making, Diffuser Oil Scents",FR10SSSFBA,2950,3944,0.9965,419,49,7426.76,847.85,410,47
B07HM9N4MW,"P&J Trading Fragrance Oils for Diffusers for Home English Garden Set Fragrance Scents for Candle Making - Soap Making - Car Diffuser Scents - Essential Home Gift Set - Fig, Honeysuckle Vine & More",FR10EGSFBA,1574,1877,0.9967,85,3,1496.94,53.25,83,3
B07HMLR479,"P&J Trading Fragrance Oil Coffee Shop Set | Coffee, Café Mocha, Chai Tea, Hot Chocolate, Blueberry Muffin, French Vanilla Candle Scents for Candle Making, Freshie Scents, Soap Making Supplies",FR10CSS,2143,2814,0.9945,1,0,17.99,0,1,0
B07HMLR479,"P&J Trading Fragrance Oil Coffee Shop Set | Coffee, Café Mocha, Chai Tea, Hot Chocolate, Blueberry Muffin, French Vanilla Candle Scents for Candle Making, Freshie Scents, Soap Making Supplies",FR10CSSFBA,2143,2814,0.9945,174,8,3127.38,141.04,171,8
B07JHC8KRB,"P&J Trading Fragrance | Cola Oil 30ml - Candle Scents for Candle Making, Freshie Scent, Soap Making Supplies, Diffuser Oil Scents",FR30COLSL,88,93,0.9892,12,3,107.34,26.43,12,3
B07JHCHJJY,"P&J Trading Fragrance | Strawberry Shortcake Oil 100ml - Candle Scents for Candle Making, Freshie Scent, Soap Making Supplies, Diffuser Oil Scents",FR100SSHFBA,1124,1435,0.9955,244,18,4500.85,334.64,228,17
B07JJ19VDY,"P&J Trading Fragrance | Clove Oil 100ml - Candle Scents for Candle Making, Freshie Scent, Soap Making Supplies, Diffuser Oil Scents",FR100CLOFBA,45,49,1,13,0,246.35,0,13,0
B07JJ1J4BR,"P&J Trading Fragrance | Coffee Oil 30ml - Candle Scents for Candle Making, Freshie Scent, Soap Making Supplies, Diffuser Oil Scents",FR30CFFSLFBA,268,327,0.9845,65,3,583.81,26.43,65,3
B07JJ92Y7F,"P&J Trading Fragrance | Coffee Oil 100ml - Candle Scents for Candle Making, Freshie Scent, Soap Making Supplies, Diffuser Oil Scents",FR100CFF,638,787,0.9882,1,0,18.95,0,1,0
B07JJ92Y7F,"P&J Trading Fragrance | Coffee Oil 100ml - Candle Scents for Candle Making, Freshie Scent, Soap Making Supplies, Diffuser Oil Scents",FR100CFFFBA,638,787,0.9882,164,11,3061.78,199.35,139,8
B07JJ97FRS,"P&J Trading Fragrance | Maple Syrup Oil 30ml - Candle Scents for Candle Making, Freshie Scent, Soap Making Supplies, Diffuser Oil Scents",FR30MAPSL,43,55,1,18,3,155.79,20.94,18,3
B07JJ9DF1D,"P&J Trading Fragrance | Café Mocha Oil 100ml - Candle Scents for Candle Making, Freshie Scent, Soap Making Supplies, Diffuser Oil Scents",FR100CAFFBA,181,233,0.9908,29,1,549.17,18.57,28,1
B07JJ9DJKW,"P&J Trading Fragrance | Strawberry Shortcake Oil 30ml - Candle Scents for Candle Making, Freshie Scent, Soap Making Supplies, Diffuser Oil Scents",FR30SSHSL,901,1174,0.9918,300,11,2674.89,76.78,282,11
B07JJ9DSKZ,"P&J Trading Fragrance | Red Cherry Oil 30ml - Candle Scents for Candle Making, Freshie Scent, Soap Making Supplies, Diffuser Oil Scents",FR30RECSL,375,501,1,140,5,1248.55,34.9,139,5
B07JJ9DZJT,"P&J Fragrance Oil - Aloe Oil 30ml - Candle Scents, Soap Making, Diffuser Oil, Fresh Scents",FR30ALOSL,1036,1659,0.9925,68,0,611.32,0,68,0
B07JJ9L8MW,"P&J Trading Fragrance | Churro Oil 100ml - Candle Scents for Candle Making, Freshie Scent, Soap Making Supplies, Diffuser Oil Scents",FR100CHUFBA,121,162,1,15,0,284.25,0,15,0
B07JJ9LQXQ,"P&J Trading Fragrance | Blueberry Muffin Oil 100ml - Candle Scents for Candle Making, Freshie Scent, Soap Making Supplies, Diffuser Oil Scents",FR100BLMFBA,418,493,0.9979,88,5,1599.23,71.82,83,3
B07JJJFPH8,"P&J Fragrance Oil - Blueberry Muffin Scent, 30ml",FR30BLMSL,223,256,0.996,56,1,503.26,8.81,56,1
B07JJJJTMZ,"P&J Trading Fragrance | Chai Tea Oil 30ml - Candle Scents for Candle Making, Freshie Scent, Soap Making Supplies, Diffuser Oil Scents",FR30CTESL,123,154,0.993,23,0,206.77,0,23,0
B07JJRWJLX,"P&J Fragrance Oil - Cafe Mocha 30ml - Candle Scents, Soap Making, Diffuser Oil, Fresh Scents",FR30CAFSL,38,41,1,8,0,71.92,0,8,0
B07JJSCVXQ,"P&J Trading Fragrance | Maple Syrup Oil 100ml - Candle Scents for Candle Making, Freshie Scent, Soap Making Supplies, Diffuser Oil Scents",FR100MAPFBA,239,278,0.9887,40,6,755.72,111.42,40,6
B07JJSD111,"P&J Fragrance Oil | Churro Oil 30ml - Candle Scents for Candle Making, Freshie, Soap Making Supplies, Diffuser Oil Scents",FR30CHU,60,67,1,1,0,8.99,0,1,0
B07JJSD111,"P&J Fragrance Oil | Churro Oil 30ml - Candle Scents for Candle Making, Freshie, Soap Making Supplies, Diffuser Oil Scents",FR30CHUSL,60,67,1,15,0,134.85,0,15,0
B07JJSD23S,"P&J Trading Aloe Fragrance Oil 100ml - Scented Oil for Candle Scents, Soap Making, Diffuser Oil",FR100ALOFBA,711,763,0.9907,66,6,1220.02,111.42,56,2
B07JJVPPGS,"P&J Trading Fragrance | Red Cherry Oil 100ml - Candle Scents for Candle Making, Freshie Scent, Soap Making Supplies, Diffuser Oil Scents",FR100RECFBA,193,256,0.9957,57,13,1039.46,238.81,50,7
B07JJVS7QW,"P&J Fragrance Oil - Chai Tea Scented Candle Making, Soap Making, Diffuser Oil, 100ml",FR100CTEFBA,207,236,1,33,0,613.99,0,30,0
B07JJVT4ZP,"P&J Trading Fragrance | Cola Oil 100ml - Candle Scents for Candle Making, Freshie Scent, Soap Making Supplies, Diffuser Oil Scents",FR100COLFBA,119,137,1,20,0,379,0,15,0
B07JJVV3MY,"P&J Fragrance Oil - Clove 30ml - Candle Scents, Soap Making, Diffuser Oil, Fresh Scents",FR30CLOFBA,71,87,1,27,2,242.37,17.62,27,2
B07W5JTLRW,"P&J Fragrance Oil - Honey Scented 100ml - Candle Scents, Soap Making, Diffuser Oil, Fresh Scents",FR100HNYFBA,384,476,1,119,17,2204.46,316.07,111,14
B07W5JV2X9,"P&J Trading Fragrance | Warm Vanilla Sugar Oil 30ml - Candle Scents for Candle Making, Freshie Scent, Soap Making Supplies, Diffuser Oil Scents",FR30WAVSL,307,379,0.9864,74,1,665.08,8.81,74,1
B07W5JW2DW,"P&J Trading - Sweet Tobacco Scented Oil 30ml - Fragrance Oil for Candle Making, Soap Making, Diffuser Oil",FR30STOSL,416,526,0.992,183,17,1635.01,142.67,171,7
B07W6JWF6T,"P&J Trading Fragrance | Warm Vanilla Sugar Oil 100ml - Candle Scents for Candle Making, Freshie Scent, Soap Making Supplies, Diffuser Oil Scents",FR100WAVFBA,583,728,0.9971,114,5,2128.95,92.85,106,5
B07W6JZ8ZV,"P&J Fragrance Oil - Honey Scented 30ml - Candle Scents, Soap Making, Diffuser Oil, Fresh Scents",FR30HNY,570,706,0.994,1,0,8.99,0,1,0
B07W6JZ8ZV,"P&J Fragrance Oil - Honey Scented 30ml - Candle Scents, Soap Making, Diffuser Oil, Fresh Scents",FR30HNYFBA,570,706,0.994,224,7,2012.5,61.67,223,7
B07W6JZSCJ,"P&J Trading Fragrance | Bacon Oil 30ml - Candle Scents for Candle Making, Freshie Scent, Soap Making Supplies, Diffuser Oil Scents",FR30BACSL,20,22,1,2,1,17.8,8.81,2,1
B07W6K1KTP,"P&J Trading Fragrance | Bergamot Oil 100ml - Candle Scents for Candle Making, Freshie Scent, Soap Making Supplies, Diffuser Oil Scents",FR100BERFBA,192,254,0.9958,80,8,1512.96,148.56,75,8
B07W7J4QZC,"P&J Trading - Cherry Blossom Scented Oil 100ml - Fragrance Oil for Candle Making, Soap Making, Diffuser Oil",FR100CHBFBA,159,200,0.9894,50,4,945.98,74.28,49,4
B07W7JX2WZ,"P&J Fragrance Oil Sweet Tobacco 100ml - Candle Scents, Soap Making, Diffuser Oil, Aromatherapy",FR100STOFBA,730,920,0.9954,249,12,4610.77,222.84,231,11
B07W7L92K4,"P&J Trading Fragrance | Honeydew Oil 30ml - Candle Scents for Candle Making, Freshie Scent, Soap Making Supplies, Diffuser Oil Scents",FR30HODSL,61,68,1,17,1,152.65,8.81,17,1
B07W7L9HNY,"P&J Fragrance Oil Lemongrass 100ml - Candle Scents, Soap Making, Diffuser Oil, Fresh Scent",FR100LEGFBA,111,138,0.9921,37,1,700.77,18.57,36,1
B07W7LBS9F,"P&J Trading - Cherry Blossom Scented Oil 30ml - Fragrance Oil for Candle Making, Soap Making, Diffuser Oil",FR30CHBSL,317,381,0.9889,62,0,557.38,0,58,0
B07W7LJ3L6,"P&J Trading Fragrance | Vanilla Bean Oil 100ml - Candle Scents for Candle Making, Freshie Scent, Soap Making Supplies, Diffuser Oil Scents",FR100VAB,734,924,0.9688,2,0,37.9,0,2,0
B07W7LJ3L6,"P&J Trading Fragrance | Vanilla Bean Oil 100ml - Candle Scents for Candle Making, Freshie Scent, Soap Making Supplies, Diffuser Oil Scents",FR100VABFBA,734,924,0.9688,164,23,3076.75,423.75,149,17
B07W7LW2MW,"P&J Fragrance Oil Lemongrass 30ml - Candle Scents, Soap Making, Diffuser Oil, Fresh Scent",FR30LEGSL,23,28,0.9615,10,2,85.88,13.96,10,2
B07W7LWPTN,P&J Trading Fragrance Oil for Diffusers for Home - Bacon 10ml Fragrance Scents for Candle Making - Soap Making Supplies & Car Diffuser Scents,FR10BAC,104,112,0.9817,5,0,24.95,0,4,0
B07W7MCMZ4,"P&J Trading Fragrance | Bergamot Oil 30ml - Candle Scents for Candle Making, Freshie Scent, Soap Making Supplies, Diffuser Oil Scents",FR30BERSL,269,360,0.9936,151,7,1343.42,48.86,150,7
B07W7MHTDZ,"P&J Trading - Bacon Scented Oil 100ml - Fragrance Oil for Candle Making, Soap Making, Diffuser Oil",FR100BACFBA,32,37,0.9697,6,1,113.32,18.57,6,1
B07W8N542K,"P&J Fragrance Oil - Honeydew 100ml - Candle Scents, Soap Making, Diffuser Oil, Fresh Scents",FR100HODFBA,97,118,1,26,2,491.94,37.14,23,2
B07W8PKDWQ,"P&J Trading Fragrance | Vanilla Bean Oil 30ml - Candle Scents for Candle Making, Freshie Scent, Soap Making Supplies, Diffuser Oil Scents",FR30VAB,777,1041,0.9917,3,0,26.97,0,3,0
B07W8PKDWQ,"P&J Trading Fragrance | Vanilla Bean Oil 30ml - Candle Scents for Candle Making, Freshie Scent, Soap Making Supplies, Diffuser Oil Scents",FR30VABSL,777,1041,0.9917,223,9,2000.63,79.29,221,9
B07Z5C4W8K,"P&J Trading Fragrance Oils for Diffusers for Home Gentlemen's Set Fragrance Scents for Candle Making - Soap Making Supplies - Car Diffuser Scents - Essential Home Gift Set - Cedar, Sandalwood & More",FR10GES,8532,11481,0.9906,4,0,67.96,0,4,0
B07Z5C4W8K,"P&J Trading Fragrance Oils for Diffusers for Home Gentlemen's Set Fragrance Scents for Candle Making - Soap Making Supplies - Car Diffuser Scents - Essential Home Gift Set - Cedar, Sandalwood & More",FR10GESFBA,8532,11481,0.9906,921,35,15374.11,584.45,909,31
B084GF2VV2,P&J Trading Fragrance Oil for Diffusers for Home - Vanilla Bean 10ml Fragrance Scents for Candle Making - Soap Making Supplies & Car Diffuser Scents,FR10VAB,143,165,0.9747,11,1,54.79,4.89,11,1
B084GF5VJK,P&J Trading Fragrance Oil for Diffusers for Home - Warm Vanilla Sugar 10ml Fragrance Scents for Candle Making - Soap Making Supplies & Car Diffuser Scents,FR10WAV,95,136,1,16,0,79.84,0,14,0
B084GFC7DW,P&J Trading Fragrance Oil for Diffusers for Home - Lemongrass 10ml Fragrance Scents for Candle Making - Soap Making Supplies & Car Diffuser Scents,FR10LEG,10,10,1,1,0,4.99,0,1,0
B084GFFBTK,P&J Trading Fragrance Oil for Diffusers for Home - Honeydew 10ml Fragrance Scents for Candle Making - Soap Making Supplies & Car Diffuser Scents,FR10HOD,16,21,1,3,0,14.97,0,3,0
B084GFFPPP,P&J Trading Fragrance Oil for Diffusers for Home - Bergamot 10ml Fragrance Scents for Candle Making - Soap Making Supplies & Car Diffuser Scents,FR10BER,23,36,1,10,0,49.9,0,10,0
B084GFMJM4,P&J Trading Fragrance Oil for Diffusers for Home - Honey 10ml Fragrance Scents for Candle Making - Soap Making Supplies & Car Diffuser Scents,FR10HNY,58,76,1,13,0,64.87,0,13,0
B084GFPX7T,P&J Trading Fragrance Oil for Diffusers for Home - Cherry Blossom 10ml Fragrance Scents for Candle Making - Soap Making Supplies & Car Diffuser Scents,FR10CHB,16,21,1,3,0,14.97,0,3,0
B084GFQW1H,P&J Trading Fragrance Oil for Diffusers for Home - Sweet Tobacco 10ml Fragrance Scents for Candle Making - Soap Making Supplies & Car Diffuser Scents,FR10STO,34,43,1,16,0,79.84,0,12,0
B084QGF8SL,P&J Trading Fragrance Oil for Diffusers for Home - Chocolate Chip Cookie 10ml Fragrance Scents for Candle Making - Soap Making Supplies & Car Diffuser Scents,FR10CCK,21,34,1,9,6,43.47,28.5,4,1
B084RB8NJB,"P&J Trading Fragrance Oil | Cedar Oil 30ml - Candle Scents for Candle Making, Freshie Scents, Soap Making Supplies, Diffuser Oil Scents",FR30CEDFBA,193,251,1,81,4,720.15,27.92,81,4
B084RBDWKS,"P&J Trading Fragrance Oil | Cedar Oil 100ml - Candle Scents for Candle Making, Freshie Scents, Soap Making Supplies, Diffuser Oil Scents",FR100CEDFBA,408,503,0.9891,90,1,1705.12,18.57,88,1
B0855BLR6Q,"P&J Fragrance Oil Clean Home Set | Lemongrass, Fresh Cotton, Clean & Fresh, Aloe, Bamboo, Orange Candle Scents for Candle Making, Freshie Scent, Soap Making Supplies, Diffuser Oil Scents",FR10CMS,2243,2643,0.9973,8,8,95.12,95.12,7,7
B0855BLR6Q,"P&J Fragrance Oil Clean Home Set | Lemongrass, Fresh Cotton, Clean & Fresh, Aloe, Bamboo, Orange Candle Scents for Candle Making, Freshie Scent, Soap Making Supplies, Diffuser Oil Scents",FR10CMSFBA,2243,2643,0.9973,141,4,2279.33,62.18,137,4
B0855BQKLH,"P&J Fragrance Oil Romance Set | Honey, Rose, Leather, Warm Vanilla Sugar, Berries & Cream, Clove Candle Scents for Candle Making, Freshie Scent, Soap Making Supplies, Diffuser Oil Scents",FR10RMSFBA,1604,1807,0.9989,35,3,620.83,50.55,35,3
B0855C1D1X,"P&J Trading Fragrance Oils for Diffusers for Home Grandma's Kitchen Set Fragrance Scents for Candle Making - Soap Making - Car Diffuser Scents - Essential Home Gift Set - Apple Pie, Coffee Cake & More",FR10GKSFBA,2509,2936,0.9979,61,5,1049.17,85.81,60,5
B0855DMVGL,"P&J Trading Road Trip Car Fragrance Oil Set – 6 Premium Scents - New Car, Leather, Forest Pine, Lemon, Clean & Fresh, Teakwood – for Car Diffusers, Air Fresheners, Auto Detailing & DIY Crafts",FR10RTSFBA,1540,1781,0.9866,86,2,1417.45,31.09,85,2
B0855DNZ7V,"P&J Trading Fragrance Oil Caribbean Set | Pina Colada, Awapuhi Seaberry, Papaya, Mango, Ocean Breeze, Orchid Candle Scents for Candle Making, Freshie Scent, Soap Making Supplies, Diffuser Oil Scents",FR10CBSFBA,2135,2456,0.9888,95,3,1572.57,47.74,95,3
B0855DS4J1,"P&J Trading Fragrance Oil Ladies Set | Pearberry, Lavender, Warm Vanilla Sugar, Plumeria, Magnolia, Wisteria Candle Scents for Candle Making, Freshie Scent, Soap Making Supplies, Diffuser Oil Scents",FR10LASFBA,2457,2969,0.9986,114,6,2020.66,102.59,113,6
B0855M1QPN,"P&J Trading Wildflowers Set of 6 Fragrance Oils - Azalea, Woodbine, Primrose, Verbena, Sweet Pea, Violet Scented Oils for Candle Scents, Soap Making, Diffuser Oil Scents",FR10WFSFBA,21,23,1,1,0,16.99,0,1,0
B0855PNX6K,"P&J Trading Fragrance Oils for Diffusers for Home Love Set Fragrance Scents for Candle Making - Soap Making Supplies - Car Diffuser Scents - Essential Home Gift Set - Amber, Lotus Blossom & More",FR10LVSFBA,1770,2041,0.9985,43,3,714.59,47.74,43,3
B0855QR9Z9,"P&J Trading Citrus Set of 6 Fragrance Oils - Lemon, Lime, Orange, Bergamot, Grapefruit, Lemongrass Scents for Candle Making, Soap Making, Diffuser Oil",FR10CIS,1929,2352,0.9978,1,1,16.65,16.65,1,1
B0855QR9Z9,"P&J Trading Citrus Set of 6 Fragrance Oils - Lemon, Lime, Orange, Bergamot, Grapefruit, Lemongrass Scents for Candle Making, Soap Making, Diffuser Oil",FR10CISFBA,1929,2352,0.9978,180,9,3000.58,145.43,178,9
B0855RHR58,"P&J Trading Fragrance Oils for Diffusers for Home Spa Set Fragrance Scents for Candle Making - Soap Making Supplies - Car Diffuser Scents - Essential Home Gift Set - Aloe, Eucalyptus & More",FR10SASFBA,1457,1674,0.997,56,2,899.27,31.09,56,2
B0855S6HXZ,"P&J Trading Fragrance Oils for Diffusers for Home Cozy Home Set Fragrance Scents for Candle Making - Soap Making Supplies - Car Diffuser Scents - Essential Home Gift Set - Amber, Clove & More",FR10CZSFBA,4328,5225,0.9967,160,4,2639.19,64.39,157,3
B08DL9DXMK,"P&J Trading Fragrance Oil Hawaiian Set | Hibiscus, Island Life, Hawaiian Ginger, Tropical Breeze, Plumeria, Aloe Scents for Candle Making, Freshie, Soap Making Supplies, Diffuser Oil Scents",FR10HISFBA,2617,3206,0.9947,217,15,3831.65,259.77,211,11
B08GBPNHMH,"P&J Fragrance Oil Tropical Breeze 100ml - Candle Scents, Soap Making, Diffuser Oil, Scented Candles",FR100TRB,165,200,1,1,0,18.95,0,1,0
B08GBPNHMH,"P&J Fragrance Oil Tropical Breeze 100ml - Candle Scents, Soap Making, Diffuser Oil, Scented Candles",FR100TRBFBA,165,200,1,37,0,701.15,0,34,0
B08GBTDW7L,"P&J Trading - Tropical Breeze Scented Oil 30ml - Fragrance Oil for Candle Making, Soap Making, Diffuser Oil",FR30TRBSL,53,63,1,8,3,71.38,26.43,8,3
B08GBTKBRY,"P&J Trading Fragrance | Hibiscus Oil 30ml - Candle Scents for Candle Making, Freshie, Soap Making Supplies, Diffuser Oil Scents",FR30HIBSL,50,67,1,14,1,125.68,8.81,14,1
B08GBVM955,"P&J Trading - Island Life Scented Oil 30ml - Fragrance Oil for Candle Making, Soap Making, Diffuser Oil",FR30ISLSL,29,31,0.9677,9,1,80.73,8.81,9,1
B08GBYHN77,P&J Trading Fragrance Oil for Diffusers for Home - Hibiscus 10ml Fragrance Scents for Candle Making - Soap Making Supplies & Car Diffuser Scents,FR10HIB,32,40,1,7,0,34.93,0,7,0
B08GBZ8TR8,P&J Trading Fragrance Oil for Diffusers for Home - Island Life 10ml Fragrance Scents for Candle Making - Soap Making Supplies & Car Diffuser Scents,FR10ISL,11,14,1,1,0,4.99,0,1,0
B08GC3HCCJ,P&J Trading Fragrance Oil for Diffusers for Home - Tropical Breeze 10ml Fragrance Scents for Candle Making - Soap Making Supplies & Car Diffuser Scents,FR10TRB,4,5,1,2,0,9.98,0,2,0
B08GC494HR,"P&J Trading - Hawaiian Ginger Scented Oil 100ml - Fragrance Oil for Candle Making, Soap Making, Diffuser Oil",FR100HAGFBA,127,160,1,28,1,530.22,18.57,27,1
B08GC5692B,P&J Trading Fragrance Oil for Diffusers for Home - Hawaiian Ginger 10ml Fragrance Scents for Candle Making - Soap Making Supplies & Car Diffuser Scents,FR10HAG,11,13,1,1,0,4.99,0,1,0
B08GC775VK,"P&J Trading Fragrance | Hawaiian Ginger Oil 30ml - Candle Scents for Candle Making, Freshie, Soap Making Supplies, Diffuser Oil Scents",FR30HAGSL,19,38,1,6,0,53.94,0,6,0
B08GC8FH1R,"P&J Fragrance Oil - Hibiscus Scented Candle Making, Soap Making, Diffuser Oil, 100ml",FR100HIBFBA,129,156,1,58,4,1097.58,74.28,53,4
B08GC9Z26Y,"P&J Trading - Island Life Scented Oil 100ml - Fragrance Oil for Candle Making, Soap Making, Diffuser Oil",FR100ISLFBA,484,629,0.9963,86,6,1608.47,111.42,82,6
B09CCGSDBQ,P&J Trading Fragrance Oil for Diffusers for Home - Champagne 10ml Fragrance Scents for Candle Making - Soap Making Supplies & Car Diffuser Scents,FR10CHA,15,22,0.9375,3,0,14.97,0,3,0
B09CCK93BR,"P&J Trading - Salty Sea Scented Oil 100ml - Fragrance Oil for Candle Making, Soap Making, Diffuser Oil",FR100SSE,184,218,1,11,1,208.07,18.57,7,1
B09CCK93BR,"P&J Trading - Salty Sea Scented Oil 100ml - Fragrance Oil for Candle Making, Soap Making, Diffuser Oil",FR100SSEFBA,184,218,1,27,2,510.89,37.14,25,2
B09CCKDB7Z,"P&J Trading - Mountain Air Fragrance Oil 100ml - Scents for Candle Making, Soap Making Supplies, Diffuser Oils",FR100MOAFBA,72,83,0.9872,22,1,416.52,18.57,20,1
B09CCKLJCF,"P&J Trading Fragrance | Wedding Cake Oil 100ml - Candle Scents for Candle Making, Freshie, Soap Making Supplies, Diffuser Oil Scents",FR100WECFBA,49,60,1,9,0,170.55,0,9,0
B09CCKW3PT,"P&J Fragrance Oil - Wedding Cake Scent, 30ml - Candle, Soap, Diffuser Oil",FR30WECSL,39,47,0.9583,4,0,35.96,0,4,0
B09CCLLQX4,"P&J Trading Fragrance Oil Surf & Sand Set | Salty Sea, Sand, Coconut, Island Life, Aloe, Seashore Candle for Candle Making, Freshie Scents, Soap Making Supplies, Diffuser Oil Scents",FR10SDS,5019,6616,0.9979,1,1,16.65,16.65,1,1
B09CCLLQX4,"P&J Trading Fragrance Oil Surf & Sand Set | Salty Sea, Sand, Coconut, Island Life, Aloe, Seashore Candle for Candle Making, Freshie Scents, Soap Making Supplies, Diffuser Oil Scents",FR10SDSFBA,5019,6616,0.9979,645,36,10861.7,599.74,638,33
B09CCM7DNT,"P&J Trading - Evergreen Forest Scented Oil 30ml - Fragrance Scented Oil for Candle Making, Soap Making, Diffuser Oil Scents",FR30EVFSL,23,33,0.9615,4,0,35.96,0,4,0
B09CCMFXZ9,"P&J Fragrance Oil Farmhouse Set | Old Books, Butterscotch, Honey, Warm Vanilla Sugar, Pecan Pie, Maple Syrup Candle Scents for Candle Making, Freshie Scents, Soap Making Supplies",FR10FHS,4646,6078,0.9729,2,0,33.98,0,2,0
B09CCMFXZ9,"P&J Fragrance Oil Farmhouse Set | Old Books, Butterscotch, Honey, Warm Vanilla Sugar, Pecan Pie, Maple Syrup Candle Scents for Candle Making, Freshie Scents, Soap Making Supplies",FR10FHSFBA,4646,6078,0.9729,348,28,5825.02,422.2,326,9
B09CCMSDRZ,"P&J Trading - Seashore Scented Oil 100ml - Fragrance Oil for Candle Making, Soap Making, Diffuser Oil",FR100SEAFBA,96,113,1,15,0,275.73,0,15,0
B09CCMXN5M,"P&J Trading Fragrance | Old Books Oil 30ml - Candle Scents for Candle Making, Freshie, Soap Making Supplies, Diffuser Oil Scents",FR30OLBSL,98,124,1,25,3,224.21,26.43,25,3
B09CCNFZ3J,"P&J Trading Fragrance Oil The Study Set | Leather, Coffee, Old Books, Cedar, Amber, Sweet Tobacco Candle Scents for Candle Making, Freshie, Soap Making Supplies, Diffuser Oil Scents",FR10TSSFBA,3575,4739,0.9904,233,6,4135.54,105.78,232,6
B09CCP2PDN,P&J Trading Fragrance Oil for Diffusers for Home - Sand 10ml Fragrance Scents for Candle Making - Soap Making Supplies & Car Diffuser Scents,FR10SND,3,3,1,1,0,4.99,0,1,0
B09CCP3WLZ,"P&J Trading Fragrance | Salty Sea Oil 30ml - Candle Scents for Candle Making, Freshie, Soap Making Supplies, Diffuser Oil Scents",FR30SSESL,123,154,1,29,2,260.35,17.62,27,2
B09CCP86PC,"P&J Trading - Moss Scented Oil 30ml - Fragrance Oil for Candle Making, Soap Making, Diffuser Oil",FR30MSSSL,23,24,1,11,2,98.53,17.62,11,2
B09CCQPF21,P&J Trading Fragrance Oil for Diffusers for Home - New Car 10ml Fragrance Scents for Candle Making - Soap Making Supplies & Car Diffuser Scents,FR10NEC,175,205,0.9898,23,0,114.77,0,23,0
B09CCR7K43,"P&J Trading - Sand Scented Oil 30ml - Fragrance Oil for Candle Making, Soap Making, Diffuser Oil",FR30SNDSL,57,68,1,10,0,89.9,0,10,0
B09CCRC4B1,P&J Trading Fragrance Oil for Diffusers for Home - Moss 10ml Fragrance Scents for Candle Making - Soap Making Supplies & Car Diffuser Scents,FR10MSS,8,10,0.75,1,0,4.99,0,1,0
B09CCSG45L,"P&J Trading - Woodland Set of Scented Oils - Cedar, Warm Rustic Woods, Moss, Redwood Forest, Mountain Air, Evergreen Forest Fragrance Oils for Candle Making, Soap Making, Diffuser Oils",FR10WLSFBA,2669,3550,0.9991,239,11,4277.66,193.93,237,10
B09CCSYF8P,"P&J Trading Fragrance | Redwood Forest Oil 100ml - Candle Scents for Candle Making, Freshie, Soap Making Supplies, Diffuser Oil Scents",FR100REFFBA,249,325,1,46,3,870.56,55.71,46,3
B09CCT9PJG,"P&J Trading Fragrance | Evergreen Forest Oil 100ml - Candle Scents for Candle Making, Freshie, Soap Making Supplies, Diffuser Oil Scents",FR100EVF,97,117,1,1,1,18.57,18.57,1,1
B09CCT9PJG,"P&J Trading Fragrance | Evergreen Forest Oil 100ml - Candle Scents for Candle Making, Freshie, Soap Making Supplies, Diffuser Oil Scents",FR100EVFFBA,97,117,1,22,0,416.9,0,21,0
B09CCTGZYV,P&J Trading Fragrance Oil for Diffusers for Home - Evergreen Forest 10ml Fragrance Scents for Candle Making - Soap Making Supplies & Car Diffuser Scents,FR10EVF,7,10,0.4444,1,0,4.99,0,1,0
B09CCTV5PX,"P&J Trading - Old Books Scented Oil 100ml - Fragrance Oil for Candle Making, Soap Making, Diffuser Oils",FR100OLBFBA,259,328,0.9966,52,4,964.93,74.28,49,4
B09CCX1XYD,"P&J Trading Fragrance | Seashore Oil 30ml - Candle Scents for Candle Making, Freshie, Soap Making Supplies, Diffuser Oil Scents",FR30SEASL,78,98,1,15,2,134.49,17.62,15,2
B09CCXJNKG,"P&J Fragrance Oil | New Car Oil 30ml - Candle Scents for Candle Making, Freshie Scents, Soap Making Supplies, Diffuser Oil",FR30NECSL,253,314,0.9899,104,9,933.34,79.29,104,9
B09CCYNJ1Z,"P&J Trading Fragrance | New Car Oil 100ml - Candle Scents for Candle Making, Freshie, Soap Making Supplies, Diffuser Oil Scents",FR100NECFBA,772,1011,0.9923,168,8,3180.56,148.56,159,8
B09CCYR8NS,"P&J Trading Fragrance | Champagne Oil 30ml - Candle Scents for Candle Making, Freshie, Soap Making Supplies, Diffuser Oil Scents",FR30CHASL,60,75,1,9,0,80.91,0,9,0
B09CCZ63CL,"P&J Trading - Moss Scented Oil 100ml - Fragrance Oil for Candle Making, Soap Making, Diffuser Oils",FR100MSSFBA,237,304,0.9928,49,2,908.84,37.14,48,2
B09CCZYS5M,"P&J Trading - Sand Scented Oil 100ml - Fragrance Oil for Candle Making, Soap Making, Diffuser Oil",FR100SNDFBA,82,98,1,13,1,245.97,18.57,11,1
B09CD2QGYD,"P&J Trading - Warm Rustic Woods Scented Oil 100ml - Fragrance Oil for Candle Making, Soap Making, Diffuser Oil",FR100WRWFBA,150,178,1,37,2,700.39,37.14,36,2
B09CD3SPBV,"P&J Trading - Redwood Forest Scented Oil 30ml - Fragrance Oil for Candle Making, Soap Making, Diffuser Oil",FR30REFSL,58,67,0.9559,16,0,143.84,0,16,0
B09CD3V2SK,"P&J Trading - Warm Rustic Woods Scented Oil 30ml - Fragrance Oil for Candle Making, Soap Making, Diffuser Oil",FR30WRWSL,55,67,1,13,0,116.87,0,12,0
B09CD4MHHC,P&J Trading Fragrance Oil for Diffusers for Home - Redwood Forest 10ml Fragrance Scents for Candle Making - Soap Making Supplies & Car Diffuser Scents,FR10REF,24,28,1,5,0,24.95,0,5,0
B09CD7TMB9,P&J Trading Fragrance Oil for Diffusers for Home - Old Books 10ml Fragrance Scents for Candle Making - Soap Making Supplies & Car Diffuser Scents,FR10OLB,56,67,0.9836,9,0,44.91,0,9,0
B09CD83QJG,P&J Trading Fragrance Oil for Diffusers for Home - Salty Sea 10ml Fragrance Scents for Candle Making - Soap Making Supplies & Car Diffuser Scents,FR10SSE,15,20,0.1111,1,0,4.99,0,1,0
B09CD864MT,"P&J Trading Fragrance | Mountain Air Oil 30ml - Candle Scents for Candle Making, Freshie, Soap Making Supplies, Diffuser Oil Scents",FR30MOASL,43,49,0.9796,16,1,143.66,8.81,16,1
B09CDB355Y,"P&J Trading - Champagne Scented Oil 100ml - Fragrance Oil for Candle Making, Soap Making, Diffuser Oil",FR100CHAFBA,121,148,1,34,6,642.4,111.8,30,6
B0BT6TL5CL,"P&J Trading Fragrance Oil Baby Shower Set | Fresh Peaches & Cream, Green Tea, Magnolia, Honeydew, Vanilla Bean Candle Scents for Candle Making, Soap Making Supplies",FR10BHSFBA,111,133,0.986,2,0,33.98,0,2,0
B0BTMWNXQH,P&J Trading Fragrance Oil for Diffusers for Home - Strawberry Lemonade 10ml Fragrance Scents for Candle Making - Soap Making Supplies & Car Diffuser Scents,FR10STL,27,35,1,4,0,19.96,0,4,0
B0BTMX7718,"P&J Trading - Strawberry Lemonade Scented Oil 30ml - Fragrance Oil for Candle Making, Soap Making, Diffuser Oil",FR30STLSL,104,123,0.9915,22,1,197.6,8.81,22,1
B0BTMXCRHF,"P&J Trading - Baby Fresh Scented Oil 100ml - Fragrance Oil for Candle Making, Soap Making, Diffuser Oil",FR100BAFFBA,312,405,0.9945,69,4,1306.03,74.28,67,4
B0BTMXH61S,"P&J Trading - Hot Fudge Scented Oil 30ml - Fragrance Oil for Candle Making, Soap Making, Diffuser Oil",FR30HOFSL,33,40,1,3,0,26.97,0,3,0
B0BTMXQWBB,P&J Trading Fragrance Oil for Diffusers for Home - Baby Fresh 10ml Fragrance Scents for Candle Making - Soap Making Supplies & Car Diffuser Scents,FR10BAF,21,28,1,6,0,29.94,0,6,0
B0BTMXV7MX,"P&J Trading - Baby Fresh Scented Oil 30ml - Fragrance Oil for Candle Making, Soap Making, Diffuser Oil",FR30BAFSL,359,395,0.9923,49,1,438.5,6.98,49,1
B0BTMXVTJW,"P&J Trading - Cake Batter Scented Oil 100ml - Fragrance Oil for Candle Making, Soap Making, Diffuser Oil",FR100CAB,588,750,0.9971,1,0,18.95,0,1,0
B0BTMXVTJW,"P&J Trading - Cake Batter Scented Oil 100ml - Fragrance Oil for Candle Making, Soap Making, Diffuser Oil",FR100CABFBA,588,750,0.9971,108,15,2021.95,278.55,104,14
B0BTMYBRQQ,P&J Trading Fragrance Oil for Diffusers for Home - Cake Batter 10ml Fragrance Scents for Candle Making - Soap Making Supplies & Car Diffuser Scents,FR10CAB,59,72,0.9853,8,0,39.92,0,8,0
B0BTMYL28W,"P&J Trading - Strawberry Lemonade Scented Oil 100ml - Fragrance Oil for Candle Making, Soap Making, Diffuser Oil",FR100STLFBA,124,145,0.9856,39,9,729.95,167.13,38,8
B0BTMYLGVX,P&J Trading Fragrance Oil for Diffusers for Home - Hot Fudge 10ml Fragrance Scents for Candle Making - Soap Making Supplies & Car Diffuser Scents,FR10HOF,6,7,1,2,0,9.98,0,2,0
B0BTMZ1TV9,"P&J Trading - Hot Fudge Scented Oil 100ml - Fragrance Oil for Candle Making, Soap Making, Diffuser Oil",FR100HOFFBA,61,73,0.9857,13,0,246.35,0,9,0
B0BTMZ2RZ8,"P&J Trading - Cake Batter Scented Oil 30ml - Fragrance Oil for Candle Making, Soap Making, Diffuser Oil",FR30CABSL,78,102,1,29,4,259.99,35.24,27,4
B0FHZ5L2GS,"P&J Trading Fragrance Oil - Honeysuckle Vine - Scents for Candle Making, Soap Making Supplies, Diffuser Oil Scents - 10ml / 0.34 fl oz",FR10HSV,16,18,1,3,0,14.97,0,3,0
B0FJ31D67P,"P&J Trading Fragrance Oil - Honeysuckle Vine - Scents for Candle Making, Soap Making Supplies, Diffuser Oil Scents - 100ml / 3.38 fl oz.",FR100HSVFBA,28,37,1,14,0,265.86,0,14,0
B0FJ3M1JRR,"P&J Trading Fragrance Oil - Honeysuckle Vine - Scents for Candle Making, Soap Making Supplies, Diffuser Oil Scents - 30ml / 1.01 fl oz.",FR30HSVFBA,159,214,1,53,2,476.11,17.62,52,2
B0H1DRL1JC,"P&J Trading Car Trio Set of 3 - New Car, Leather & Forest Pine - Premium Concentrated Trio Set for Car Freshies, Candle Making, Diffusers, Soap Making & DIY Crafts - USA Made, 10 ML",ST-3-FR10CAR,15,20,0.3636,1,1,12.73,12.73,1,1
B0H1DY59GH,"P&J Trading Car Trio Set of 3 - New Car, Leather & Forest Pine - Premium Concentrated Trio Set for Car Freshies, Candle Making, Diffusers, Soap Making & DIY Crafts - USA Made, 30 ML",ST-3-FR30CAR,14,20,0.15,1,1,24.49,24.49,1,1
